Number words female,Total words,Number of words lead,Difference in words lead and co-lead,Number of male actors,Year,Number of female actors,Number words male,Gross,Mean Age Male,Mean Age Female,Age Lead,Age Co-Lead,Lead
1512,6394,2251.0,343,2,1995,5,2631,142.0,51.5,42.333333333333336,46.0,65.0,Female
1524,8780,2020.0,1219,9,2001,4,5236,37.0,39.125,29.333333333333332,58.0,34.0,Male
155,4176,942.0,787,7,1968,1,3079,376.0,42.5,37.0,46.0,37.0,Male
1073,9855,3440.0,2623,12,2002,2,5342,19.0,35.22222222222222,21.5,33.0,23.0,Male
1317,7688,3835.0,3149,8,1988,4,2536,40.0,45.25,45.0,36.0,39.0,Male
1492,5872,1491.0,994,11,1997,4,2889,327.0,45.90909090909091,36.5,55.0,41.0,Male
1500,5322,1191.0,287,6,1980,3,2631,269.0,47.0,24.5,61.0,25.0,Male
349,6098,2692.0,2472,9,1988,2,3057,53.0,43.0,31.0,48.0,31.0,Male
857,8851,4042.0,3476,13,2001,2,3952,89.0,47.416666666666664,28.5,33.0,27.0,Male
2619,9626,1604.0,869,9,1973,6,5403,565.0,26.5,22.0,20.0,26.0,Male
759,12705,4922.0,4163,12,2002,1,7024,48.0,50.55555555555556,39.0,54.0,39.0,Male
4001,12995,7661.0,3942,5,1977,3,1333,152.0,41.6,39.333333333333336,42.0,31.0,Male
1141,9925,3484.0,2920,6,1997,3,5300,1.0,50.6,36.5,62.0,32.0,Male
1544,5323,2298.0,1306,5,1997,4,1481,102.0,41.8,39.5,34.0,32.0,Male
0,2081,940.0,508,4,1999,1,1141,351.0,48.0,29.0,29.0,57.0,Female
2417,11729,4998.0,4273,8,1990,6,4314,107.0,42.0,57.2,39.0,85.0,Male
832,4498,719.0,200,11,1984,3,2947,99.0,38.857142857142854,36.666666666666664,30.0,23.0,Male
3133,11252,3955.0,1965,7,1995,5,4164,131.0,32.285714285714285,34.0,30.0,29.0,Male
846,3918,2616.0,1770,4,1992,1,456,4.0,55.0,28.0,53.0,28.0,Male
1729,11361,4179.0,2930,9,2000,3,5453,3.0,36.714285714285715,39.333333333333336,40.0,29.0,Male
2680,7344,2372.0,521,6,1992,2,2292,247.0,41.5,31.5,48.0,34.0,Male
1188,7018,3113.0,2036,5,1992,2,2717,341.0,52.0,31.0,48.0,34.0,Male
0,2856,1136.0,343,4,1989,1,1720,550.0,53.0,36.0,36.0,38.0,Female
1605,10592,6394.0,5475,7,2000,2,2593,64.0,29.571428571428573,32.0,26.0,40.0,Male
519,3142,1203.0,896,4,1996,2,1420,124.0,50.666666666666664,34.0,34.0,34.0,Male
2492,12199,3545.0,2439,16,1994,5,6162,3.0,43.166666666666664,43.0,43.0,40.0,Male
2173,8715,4441.0,3401,5,2003,4,2101,95.0,49.2,39.666666666666664,32.0,37.0,Male
404,4862,2155.0,1751,6,1989,1,2303,99.0,50.833333333333336,36.0,45.0,36.0,Male
3167,11295,2695.0,1770,13,2006,9,5433,29.0,43.0,33.2,28.0,32.0,Male
3511,9141,3842.0,2185,8,1993,6,1788,27.0,44.2,40.0,38.0,35.0,Male
693,12844,4393.0,565,11,1992,2,7758,255.0,42.0,33.5,29.0,37.0,Female
2844,13781,3291.0,1699,16,1990,4,7646,32.0,48.142857142857146,40.75,34.0,33.0,Male
2468,6641,3285.0,1268,4,2010,4,888,73.0,41.333333333333336,52.333333333333336,41.0,41.0,Male
1024,5683,1556.0,684,11,1995,2,3103,151.0,44.2,29.0,41.0,29.0,Male
1154,7346,2873.0,2323,10,1985,3,3319,24.0,47.333333333333336,27.0,38.0,27.0,Male
1711,7266,2862.0,1493,7,1999,3,2693,28.0,40.714285714285715,37.0,35.0,31.0,Male
1412,5675,2388.0,976,8,1996,1,1875,138.0,44.375,26.0,42.0,26.0,Male
3214,12798,6782.0,4436,6,2003,3,2802,350.0,53.2,36.333333333333336,41.0,34.0,Male
695,7380,1776.0,190,9,2008,3,4909,73.0,50.8,46.0,51.0,47.0,Female
719,5675,4034.0,3471,4,2000,2,922,377.0,42.5,37.0,44.0,37.0,Male
3657,9653,3018.0,1361,4,2004,5,2978,56.0,43.5,34.0,38.0,41.0,Female
1953,9531,4279.0,3350,11,2004,3,3299,44.0,32.0,41.666666666666664,23.0,52.0,Male
733,12860,3444.0,1848,16,2008,4,8683,43.0,42.86666666666667,36.5,33.0,40.0,Female
2689,9016,2368.0,1267,9,1999,7,3959,98.0,31.875,41.714285714285715,24.0,24.0,Male
605,8112,6706.0,6101,5,1994,1,801,2.0,51.25,33.0,48.0,33.0,Male
470,4555,1182.0,712,9,2002,1,2903,59.0,46.0,38.0,55.0,38.0,Male
945,7729,3860.0,3372,10,2005,2,2924,102.0,39.666666666666664,37.0,41.0,45.0,Male
0,11547,4870.0,3383,11,1997,1,6677,191.0,48.0,35.0,35.0,28.0,Female
1003,5927,983.0,483,10,2003,3,3941,49.0,37.285714285714285,25.666666666666668,44.0,31.0,Male
823,1870,641.0,24,2,1996,2,406,35.0,41.5,21.0,34.0,21.0,Male
1810,8963,2799.0,1421,6,2002,2,4354,12.0,45.333333333333336,48.5,33.0,43.0,Male
972,2662,1311.0,694,3,2008,4,379,5.0,40.0,28.0,40.0,28.0,Male
1521,10750,3424.0,2964,13,2008,6,5805,34.0,41.75,28.75,40.0,26.0,Male
1070,5345,1158.0,770,9,1989,3,3117,60.0,44.44444444444444,39.666666666666664,32.0,27.0,Male
773,5183,2753.0,2218,3,2007,2,1657,101.0,34.333333333333336,41.0,21.0,40.0,Male
1525,13269,3778.0,2462,12,1997,2,7966,79.0,44.5,28.0,57.0,28.0,Male
1467,5916,1335.0,158,8,1981,2,3114,18.0,53.5,29.0,27.0,29.0,Male
2080,12303,6707.0,5497,11,1991,3,3516,72.0,38.0,33.5,32.0,30.0,Male
1261,5596,1777.0,1070,9,1984,2,2558,70.0,47.666666666666664,46.5,25.0,39.0,Male
1388,4318,1938.0,1399,4,1990,5,992,116.0,29.25,35.8,42.0,22.0,Female
4113,7732,1529.0,101,6,2008,5,2090,122.0,33.5,51.666666666666664,22.0,32.0,Male
612,6562,2482.0,1029,9,2007,3,3468,20.0,45.44444444444444,37.333333333333336,38.0,43.0,Female
885,4596,1076.0,748,8,1996,4,2635,49.0,52.0,33.333333333333336,45.0,31.0,Male
269,2656,1658.0,1509,4,1999,2,729,95.0,45.666666666666664,31.5,37.0,23.0,Male
1433,4507,1905.0,1066,6,1997,4,1169,212.0,40.0,30.5,33.0,41.0,Male
2152,6348,2626.0,1788,3,1986,4,1570,164.0,31.333333333333332,22.5,24.0,19.0,Male
262,7223,2108.0,1846,13,1997,1,4853,120.0,49.54545454545455,22.0,42.0,22.0,Male
1144,10362,5813.0,4870,3,1999,2,3405,63.0,39.333333333333336,31.5,30.0,33.0,Male
436,2750,472.0,1,6,2000,2,1842,86.0,31.4,28.0,24.0,22.0,Female
802,5747,4237.0,3574,5,1985,2,708,114.0,44.2,27.0,42.0,25.0,Male
5777,20433,8468.0,3049,10,2002,2,6188,27.0,35.166666666666664,23.0,24.0,23.0,Male
1549,8989,5446.0,4495,5,1994,3,1994,686.0,43.4,32.0,38.0,10.0,Male
2432,5370,1019.0,68,7,1989,5,1919,31.0,26.5,20.5,62.0,20.0,Male
1686,12554,2611.0,925,13,2009,1,8257,174.0,42.916666666666664,29.0,29.0,29.0,Male
1432,8192,2656.0,1132,9,1997,3,4104,91.0,34.44444444444444,47.666666666666664,35.0,39.0,Female
409,2066,506.0,267,5,2009,2,1151,23.0,32.4,37.0,32.0,44.0,Male
458,5309,2293.0,1835,9,1997,1,2558,23.0,46.142857142857146,27.0,25.0,27.0,Male
1419,8553,1851.0,560,12,2002,2,5283,116.0,42.9,30.0,53.0,30.0,Male
1835,13304,5901.0,4063,7,2003,5,5568,85.0,47.5,49.0,37.0,38.0,Female
2246,6224,1285.0,444,8,1990,4,2693,85.0,46.714285714285715,46.5,46.0,31.0,Male
1684,6805,3454.0,2439,9,1997,5,1667,53.0,43.57142857142857,41.333333333333336,31.0,27.0,Male
2727,8802,5219.0,2757,4,1993,3,856,148.0,34.25,43.0,43.0,35.0,Male
1552,4650,947.0,241,6,1995,5,2151,30.0,55.25,38.2,67.0,29.0,Male
686,7565,2087.0,1401,9,1998,1,4792,36.0,44.111111111111114,28.0,29.0,28.0,Male
142,3398,1894.0,1752,6,1990,1,1362,97.0,35.0,37.0,38.0,37.0,Male
868,10686,4102.0,3701,14,2004,4,5716,25.0,31.25,27.333333333333332,32.0,26.0,Male
2440,16708,3724.0,2077,15,2002,5,10544,392.0,37.06666666666667,34.4,13.0,12.0,Male
1582,7907,1768.0,870,11,2001,3,4557,488.0,31.7,40.333333333333336,12.0,11.0,Male
3213,14717,3197.0,1108,15,2004,5,8307,348.0,36.2,44.8,15.0,14.0,Male
1098,4960,738.0,376,13,1995,4,3124,134.0,42.2,33.666666666666664,55.0,31.0,Male
1999,8611,2432.0,1230,6,2008,2,4180,91.0,56.4,32.0,58.0,36.0,Male
1544,5092,1496.0,741,4,1992,5,2052,26.0,35.666666666666664,27.666666666666668,29.0,31.0,Female
654,8450,2135.0,1481,11,2000,1,5661,20.0,39.57142857142857,29.0,42.0,29.0,Male
1440,8240,3903.0,3081,7,1997,5,2897,2.0,35.666666666666664,31.5,35.0,29.0,Male
2252,7577,1343.0,541,8,2003,3,3982,18.0,49.625,43.333333333333336,32.0,31.0,Male
1008,6992,3563.0,2964,12,2004,3,2421,32.0,42.2,36.0,40.0,36.0,Male
895,5745,1854.0,503,5,2004,3,2996,365.0,46.2,42.0,46.0,60.0,Female
849,5680,1015.0,502,12,1996,2,3816,602.0,42.75,35.0,44.0,38.0,Male
972,4279,1769.0,797,7,1981,1,1538,9.0,44.166666666666664,30.0,39.0,30.0,Male
1564,5036,2301.0,737,5,1984,1,1171,466.0,43.6,31.0,42.0,31.0,Male
3668,8624,3659.0,1164,6,2003,6,1297,50.0,47.0,38.5,42.0,34.0,Male
692,7061,4364.0,4134,10,2009,4,2005,21.0,41.0,43.5,48.0,32.0,Male
0,3497,686.0,29,9,2003,1,2811,152.0,41.142857142857146,28.0,28.0,34.0,Female
2229,8599,3511.0,1542,7,1990,3,2859,53.0,35.333333333333336,42.333333333333336,32.0,31.0,Male
1597,7514,2992.0,1654,9,1991,2,2925,2.0,54.22222222222222,33.5,43.0,34.0,Male
2898,10170,5317.0,3592,6,1982,4,1955,7.0,51.0,33.0,39.0,37.0,Male
744,6598,2535.0,1918,9,2007,2,3319,60.0,37.285714285714285,45.0,40.0,35.0,Male
1120,9373,2369.0,1497,11,1997,2,5884,122.0,43.0,47.5,30.0,44.0,Male
1103,14205,6335.0,5844,7,1991,3,6767,122.0,40.57142857142857,24.333333333333332,36.0,34.0,Male
1101,8821,3099.0,2666,8,2009,4,4621,85.0,49.166666666666664,37.0,42.0,35.0,Male
2468,9950,1712.0,250,9,2010,3,5770,44.0,42.0,35.0,56.0,27.0,Male
785,4597,1058.0,547,6,1989,2,2754,34.0,44.0,35.5,42.0,30.0,Male
3012,6042,1743.0,99,6,2003,4,1287,28.0,45.5,33.333333333333336,44.0,28.0,Male
0,5856,2199.0,316,7,1996,1,3657,65.0,48.142857142857146,40.0,40.0,48.0,Female
145,3708,653.0,508,11,2003,1,2910,543.0,41.90909090909091,36.0,64.0,36.0,Male
1212,8255,2194.0,1337,11,2001,2,4849,482.0,43.90909090909091,28.0,62.0,32.0,Male
206,4796,844.0,638,13,2002,1,3746,509.0,42.92307692307692,33.0,31.0,33.0,Male
1267,7203,1648.0,983,8,1998,2,4288,128.0,43.0,29.0,31.0,42.0,Male
859,7719,5534.0,4970,6,1992,3,1326,101.0,41.166666666666664,34.333333333333336,38.0,34.0,Male
1316,11126,3686.0,2689,12,2003,3,6124,49.0,37.1,33.0,33.0,33.0,Male
2015,6843,2530.0,1510,5,2004,3,2298,109.0,52.25,20.5,50.0,10.0,Male
4008,10501,4253.0,1776,9,1992,4,2240,8.0,49.875,36.25,55.0,38.0,Male
444,6294,1464.0,1167,8,1998,2,4386,105.0,38.8,38.0,24.0,38.0,Male
1463,12260,3904.0,2828,9,2004,3,6893,92.0,49.625,39.333333333333336,50.0,37.0,Male
1310,9072,4058.0,3356,10,1986,3,3704,20.0,35.375,29.0,33.0,28.0,Male
1583,5375,1767.0,763,7,1994,3,2025,249.0,38.5,27.0,32.0,22.0,Male
1084,4737,2123.0,1247,3,1999,2,1530,292.0,35.0,49.0,38.0,32.0,Male
319,1959,755.0,436,5,2008,1,885,49.0,35.333333333333336,25.0,37.0,25.0,Male
661,6718,2471.0,1810,8,1997,1,3586,473.0,43.42857142857143,39.0,51.0,39.0,Male
781,8285,4205.0,3567,7,1997,2,3299,60.0,38.4,35.0,36.0,24.0,Male
241,4514,1491.0,1250,9,1978,1,2782,130.0,34.285714285714285,24.0,29.0,24.0,Male
1062,5893,1590.0,629,6,2000,2,3241,98.0,39.666666666666664,37.0,36.0,35.0,Male
1490,5908,2365.0,1614,7,2001,4,2053,8.0,38.6,38.5,33.0,37.0,Male
1222,9871,3505.0,3081,6,2007,4,5144,36.0,48.0,40.75,52.0,20.0,Male
0,6165,1699.0,89,9,1999,1,4466,265.0,40.0,29.0,29.0,31.0,Female
1646,6677,2020.0,478,5,1991,3,3011,123.0,33.4,22.0,11.0,39.0,Female
1402,9615,4905.0,2591,4,1997,4,3308,240.0,46.333333333333336,47.25,30.0,34.0,Female
1177,11352,4624.0,3771,9,1994,3,5551,104.0,35.6,27.666666666666668,29.0,21.0,Male
807,10024,3381.0,2902,17,1992,2,5836,5.0,36.8235294117647,35.0,18.0,51.0,Male
1186,4117,1942.0,756,5,2007,1,989,22.0,54.25,25.0,43.0,25.0,Male
1117,5051,1746.0,1046,6,1984,3,2188,68.0,33.6,29.5,20.0,21.0,Female
4037,10732,3410.0,939,3,2009,4,3285,48.0,32.666666666666664,40.75,36.0,38.0,Female
167,5026,1321.0,119,6,2008,2,3538,32.0,36.666666666666664,36.0,24.0,40.0,Female
841,5409,2964.0,2371,6,2001,2,1604,72.0,46.0,40.0,33.0,40.0,Male
616,3306,1001.0,204,3,2002,3,1689,142.0,40.666666666666664,32.666666666666664,40.0,31.0,Female
1858,5762,3046.0,2496,4,2005,4,858,153.0,41.5,27.5,38.0,19.0,Male
152,6720,3070.0,2918,9,2000,1,3498,182.0,42.833333333333336,35.0,44.0,35.0,Male
1259,5955,1689.0,734,8,2001,3,3007,305.0,39.666666666666664,27.0,29.0,28.0,Male
1510,10584,4337.0,2242,6,1986,6,4737,97.0,39.666666666666664,39.666666666666664,32.0,22.0,Female
2139,11649,4853.0,3653,12,1993,6,4657,65.0,39.375,42.666666666666664,38.0,26.0,Male
576,4006,856.0,554,6,1992,2,2574,35.0,23.75,29.0,30.0,24.0,Male
437,7163,3007.0,488,3,1990,2,3719,366.0,38.0,25.5,23.0,41.0,Female
110,9984,2103.0,1993,11,1987,1,7771,68.0,40.77777777777778,35.0,35.0,35.0,Male
2545,9484,4832.0,3831,3,2009,5,2107,190.0,44.333333333333336,54.75,45.0,65.0,Female
2809,8735,1797.0,608,8,1960,5,4129,545.0,41.833333333333336,39.0,29.0,31.0,Male
2036,8063,2261.0,519,10,1995,2,3766,32.0,39.5,23.0,34.0,34.0,Male
2305,6955,3696.0,2691,5,2002,6,954,26.0,39.0,33.0,36.0,35.0,Male
2094,7636,2596.0,1580,7,1994,4,2946,224.0,36.142857142857146,29.333333333333332,40.0,24.0,Male
553,5333,1908.0,401,4,2006,3,2872,74.0,51.25,57.0,61.0,37.0,Female
440,3193,917.0,477,7,1985,1,1836,367.0,48.666666666666664,27.0,39.0,27.0,Male
1297,7709,2498.0,1811,6,1985,3,3914,31.0,29.333333333333332,30.666666666666668,26.0,23.0,Male
2168,14591,5470.0,3302,10,2000,1,6953,28.0,42.0,33.0,41.0,33.0,Male
540,4830,1213.0,673,16,2000,1,3077,72.0,42.25,30.0,36.0,30.0,Male
1168,3554,1167.0,407,5,1975,3,1219,594.0,31.0,27.333333333333332,29.0,29.0,Male
301,7277,1714.0,1532,14,1996,2,5262,263.0,43.46153846153846,26.5,32.0,28.0,Male
1777,13957,5179.0,4085,14,1991,3,7001,343.0,43.75,46.0,36.0,33.0,Male
585,8247,2107.0,1522,16,2008,1,5555,6.0,37.0,36.0,60.0,36.0,Male
2245,6165,1564.0,171,8,2013,3,2356,1.0,37.57142857142857,39.333333333333336,21.0,17.0,Male
1060,5188,2983.0,2090,4,1998,2,1145,31.0,35.0,25.0,18.0,30.0,Male
1721,4410,1600.0,48,5,1997,2,1089,116.0,44.5,32.5,38.0,34.0,Male
654,7304,2332.0,214,5,2001,4,4318,139.0,36.0,21.0,20.0,31.0,Female
763,5842,3244.0,2796,6,2002,3,1835,1.0,35.333333333333336,33.0,43.0,38.0,Male
1556,13704,8189.0,7338,12,1983,2,3959,1.0,46.4,25.0,43.0,25.0,Male
839,9231,3754.0,3022,8,2008,2,4638,40.0,38.833333333333336,43.0,41.0,43.0,Male
1084,3112,501.0,158,8,1994,5,1527,16.0,32.666666666666664,43.0,54.0,26.0,Male
2996,9629,3145.0,1359,7,2010,4,3488,34.0,32.833333333333336,30.0,28.0,28.0,Male
923,5282,2330.0,1407,4,2002,1,2029,341.0,29.75,46.0,46.0,46.0,Male
503,11680,3844.0,1328,11,1991,3,7333,270.0,49.666666666666664,26.5,29.0,54.0,Female
2395,8378,3999.0,3200,4,1992,6,1984,293.0,45.666666666666664,45.833333333333336,37.0,39.0,Female
2051,9895,1437.0,609,15,2006,4,6407,47.0,41.6,41.0,50.0,25.0,Male
1236,4501,1718.0,471,2,1993,4,1547,24.0,46.5,37.0,32.0,34.0,Female
1972,8681,2608.0,1521,10,1999,4,4101,24.0,47.1,42.0,70.0,28.0,Male
8159,15824,6099.0,1125,2,2003,5,1566,180.0,52.5,44.75,66.0,57.0,Male
951,6235,1369.0,152,9,1999,7,3915,89.0,40.25,35.333333333333336,38.0,30.0,Female
5367,14266,4314.0,148,4,2004,7,4585,58.0,23.5,34.42857142857143,38.0,38.0,Female
257,6054,2988.0,2835,8,2004,2,2809,6.0,44.142857142857146,24.0,45.0,24.0,Male
359,4891,915.0,556,8,1983,1,3617,853.0,41.375,27.0,32.0,27.0,Male
1273,5454,1477.0,809,10,2002,4,2704,465.0,53.6,42.0,31.0,21.0,Male
682,7039,2014.0,1543,12,2009,3,4343,299.0,62.166666666666664,48.333333333333336,78.0,77.0,Male
636,9047,2485.0,1849,13,1977,1,5926,1798.0,42.916666666666664,21.0,26.0,21.0,Male
2299,8694,2505.0,1235,10,1997,5,3890,103.0,37.666666666666664,38.75,29.0,26.0,Male
859,9460,2704.0,2248,13,2000,3,5897,11.0,51.3,35.0,50.0,35.0,Male
216,6143,1598.0,1382,13,1973,1,4329,786.0,47.5,41.0,48.0,41.0,Male
0,6456,2421.0,1148,7,1984,1,4035,74.0,43.6,33.0,33.0,35.0,Female
3153,10513,3868.0,1773,8,1999,6,3492,36.0,33.0,27.0,41.0,34.0,Male
363,8611,1427.0,1064,8,2007,1,6821,68.0,46.857142857142854,28.0,67.0,28.0,Male
258,3288,1343.0,1085,5,1982,1,1687,97.0,39.8,28.0,33.0,28.0,Male
136,12141,3216.0,3080,17,2000,1,8789,55.0,52.63636363636363,46.0,45.0,46.0,Male
4093,14243,4819.0,1247,7,1993,3,5331,8.0,30.714285714285715,24.666666666666668,50.0,39.0,Male
632,12452,5603.0,5249,7,1987,3,6217,373.0,33.75,44.5,42.0,26.0,Male
612,8611,2700.0,2088,9,1992,1,5299,47.0,48.2,32.0,33.0,32.0,Male
2686,11665,5732.0,3808,5,1996,2,3247,106.0,50.0,42.0,41.0,42.0,Male
1809,19960,6903.0,5094,11,1987,1,11248,56.0,44.63636363636363,39.0,43.0,39.0,Male
523,5880,2498.0,2249,7,1995,3,2859,61.0,44.142857142857146,30.666666666666668,39.0,40.0,Male
3073,9776,1749.0,541,15,2000,4,4954,200.0,42.46153846153846,32.0,56.0,31.0,Male
402,4928,2133.0,1731,4,1998,1,2393,233.0,37.5,34.0,36.0,34.0,Male
475,4576,1760.0,1556,6,2000,3,2341,153.0,36.666666666666664,62.5,52.0,47.0,Male
725,6431,2009.0,1676,10,1992,3,3697,211.0,42.625,39.5,62.0,40.0,Male
1804,8627,1913.0,97,9,2005,4,4910,95.0,52.285714285714285,40.5,24.0,45.0,Female
2613,9268,4356.0,2737,5,2001,3,2299,155.0,41.4,32.333333333333336,39.0,27.0,Male
1473,6993,2135.0,1086,6,1998,3,3385,18.0,38.2,36.666666666666664,32.0,26.0,Male
291,3044,1003.0,845,6,2004,2,1750,64.0,38.5,31.0,32.0,27.0,Male
1606,5508,2807.0,1707,4,2002,2,1095,61.0,37.0,30.0,24.0,18.0,Male
3564,9917,4135.0,1577,6,2008,5,2218,163.0,43.75,31.333333333333332,29.0,33.0,Male
0,1468,589.0,17,3,2005,1,879,317.0,23.0,11.0,11.0,23.0,Female
2757,11504,2891.0,432,12,2009,2,5856,125.0,44.44444444444444,34.5,36.0,31.0,Male
173,8731,2807.0,2634,15,1996,1,5751,20.0,39.666666666666664,37.0,47.0,37.0,Male
1849,5723,1875.0,356,6,1985,2,1999,160.0,42.0,32.0,43.0,28.0,Male
1326,9092,3060.0,1709,7,1939,3,4706,839.0,47.166666666666664,36.333333333333336,17.0,35.0,Female
2016,8603,2260.0,1004,10,2009,3,4327,208.0,35.5,52.5,41.0,32.0,Male
998,7054,3714.0,2716,7,2002,1,2342,211.0,40.4,27.0,35.0,27.0,Male
2560,11278,2302.0,1286,13,2009,5,6416,192.0,47.09090909090909,28.75,43.0,37.0,Male
1206,16612,4718.0,1372,8,1999,3,10688,65.0,31.285714285714285,23.333333333333332,18.0,20.0,Female
3148,19324,4212.0,3423,22,2013,5,11964,60.0,42.38461538461539,40.25,36.0,31.0,Male
3806,15092,6728.0,4760,7,2009,6,4558,74.0,33.57142857142857,29.0,22.0,37.0,Male
704,11927,5387.0,4857,6,2011,2,5836,40.0,44.0,34.0,28.0,34.0,Male
3438,22962,8570.0,6684,12,1982,7,10954,224.0,32.916666666666664,25.8,41.0,30.0,Male
5422,18184,8938.0,4858,8,2009,4,3824,37.0,38.333333333333336,30.25,28.0,29.0,Male
5854,37778,16148.0,10294,18,1992,1,15776,295.0,38.375,30.0,30.0,30.0,Male
3006,11538,2900.0,1376,6,1997,4,5632,94.0,60.333333333333336,37.0,67.0,33.0,Male
176,15400,4766.0,704,15,1989,2,10458,118.0,39.916666666666664,40.5,31.0,39.0,Female
1212,4779,1573.0,1173,10,1994,4,1994,150.0,48.888888888888886,40.25,30.0,52.0,Female
2481,5209,1635.0,129,4,1991,4,1093,235.0,41.5,41.5,51.0,40.0,Male
3222,15279,6010.0,4022,8,2011,3,6047,68.0,45.857142857142854,28.0,41.0,28.0,Male
2272,19304,9438.0,8248,8,1997,3,7594,11.0,40.375,36.333333333333336,56.0,48.0,Male
774,5435,2005.0,1231,5,1992,1,2656,454.0,49.75,22.0,41.0,22.0,Male
2830,6646,1888.0,4,4,1979,3,1928,6.0,44.5,38.666666666666664,46.0,30.0,Male
0,7646,1846.0,432,12,1992,1,5800,116.0,40.55555555555556,43.0,43.0,41.0,Female
1566,12406,4910.0,3200,9,1986,6,5930,199.0,32.625,28.5,37.0,29.0,Female
938,15090,7706.0,4582,8,2009,5,6446,39.0,44.75,46.25,45.0,49.0,Female
6766,23124,5574.0,2974,11,2000,8,10784,52.0,28.666666666666668,24.142857142857142,32.0,43.0,Male
850,14472,7898.0,7374,8,2009,2,5724,16.0,41.0,36.5,60.0,20.0,Male
4754,14636,5576.0,2826,6,1999,2,4306,222.0,39.166666666666664,29.0,40.0,41.0,Male
5507,21605,6043.0,3745,8,2013,5,10055,160.0,43.875,42.5,39.0,23.0,Male
911,10575,3156.0,2406,11,2001,2,6508,20.0,36.0,39.0,25.0,25.0,Male
4844,14890,3962.0,2966,7,1999,8,6084,174.0,29.285714285714285,23.75,19.0,20.0,Male
12002,32174,14642.0,6862,10,1995,8,5530,130.0,40.625,36.0,51.0,37.0,Male
3038,17000,10832.0,9974,7,2000,6,3130,24.0,36.2,28.0,26.0,26.0,Male
3148,18842,8078.0,5310,10,2003,4,7616,8.0,41.57142857142857,25.5,12.0,39.0,Male
6342,20324,7988.0,3592,3,2009,7,5994,14.0,35.666666666666664,32.8,24.0,56.0,Female
2292,28454,10516.0,8954,16,1999,5,15646,183.0,52.38461538461539,46.8,51.0,36.0,Male
1358,19390,9892.0,4938,7,2001,3,8140,36.0,31.0,40.666666666666664,32.0,33.0,Female
2848,17886,5830.0,3522,12,2009,3,9208,154.0,42.166666666666664,39.5,53.0,40.0,Male
1866,8013,1625.0,1158,8,2012,6,4522,13.0,38.833333333333336,35.0,40.0,24.0,Male
6461,11813,2816.0,349,6,2001,7,2536,6.0,40.166666666666664,34.857142857142854,36.0,39.0,Male
1215,10953,1707.0,971,19,2011,2,8031,4.0,39.13333333333333,60.0,44.0,74.0,Male
1710,17378,7358.0,5648,13,2001,1,8310,16.0,36.36363636363637,22.0,27.0,22.0,Male
2796,11976,5366.0,3250,6,1998,3,3814,168.0,54.4,53.5,63.0,40.0,Male
564,19904,8610.0,8046,15,1979,1,10730,16.0,37.46153846153846,34.0,39.0,34.0,Male
614,28042,11376.0,10894,10,1998,2,16052,16.0,45.22222222222222,31.5,59.0,42.0,Male
2198,11507,4587.0,3318,12,2012,3,4722,8.0,57.27272727272727,43.333333333333336,63.0,66.0,Male
379,6942,2301.0,2041,13,1998,2,4262,374.0,41.22222222222222,27.0,43.0,21.0,Male
440,1954,792.0,352,2,1992,1,722,24.0,46.0,27.0,34.0,27.0,Male
1661,7334,3180.0,1295,3,1981,4,2493,298.0,66.0,34.5,35.0,77.0,Female
7906,23766,8974.0,1588,8,1997,3,6886,280.0,42.857142857142854,40.666666666666664,60.0,34.0,Male
4380,16724,8252.0,4248,3,1995,3,4092,60.0,43.666666666666664,32.5,49.0,35.0,Male
1416,14730,9028.0,7774,7,1999,2,4286,38.0,40.166666666666664,42.0,40.0,42.0,Male
5962,15494,5562.0,2236,10,2009,4,3970,882.0,40.625,44.75,33.0,60.0,Male
1723,11625,2806.0,1432,12,2012,2,7096,680.0,51.333333333333336,34.0,47.0,28.0,Male
4118,15406,3014.0,424,22,2006,6,8274,45.0,39.22222222222222,30.0,43.0,50.0,Male
2784,11504,5306.0,2193,2,2010,7,3414,41.0,51.0,44.8,41.0,34.0,Female
2798,22642,5894.0,3944,13,1991,3,13950,160.0,40.25,36.333333333333336,28.0,29.0,Male
484,5888,2730.0,2246,5,2003,1,2674,86.0,37.0,36.0,45.0,36.0,Male
3694,15124,7088.0,6002,9,2011,7,4342,109.0,35.625,37.833333333333336,39.0,48.0,Female
2078,12490,4692.0,2740,6,2003,2,5720,38.0,40.166666666666664,34.0,49.0,38.0,Male
2094,11796,4650.0,3664,8,1996,5,5052,5.0,43.333333333333336,29.0,31.0,25.0,Male
3126,8768,2242.0,800,7,1997,4,3400,202.0,49.0,27.0,50.0,27.0,Male
922,7074,2013.0,1091,14,2005,1,4139,278.0,46.69230769230769,27.0,31.0,27.0,Male
2082,10928,3210.0,1242,7,1995,2,5636,368.0,42.0,31.0,36.0,28.0,Male
902,10334,5000.0,4538,9,1997,2,4432,85.0,40.57142857142857,25.0,43.0,25.0,Male
2502,10811,5740.0,3809,3,2010,3,2569,6.0,60.0,36.333333333333336,39.0,27.0,Male
3931,10173,2938.0,1007,5,1999,4,3304,39.0,44.4,39.666666666666664,33.0,27.0,Male
3332,16552,8710.0,6960,16,2001,5,4510,0.0,33.3,30.25,21.0,23.0,Male
8758,27036,9586.0,3698,4,1998,8,8692,42.0,50.75,51.0,44.0,52.0,Female
548,4554,1530.0,822,5,1993,2,2476,48.0,41.6,30.0,27.0,30.0,Female
3723,16019,3037.0,226,7,2011,5,9259,50.0,51.333333333333336,67.5,77.0,21.0,Female
2586,11154,5662.0,3076,4,1988,1,2906,243.0,30.0,28.0,32.0,28.0,Male
830,10197,4634.0,3804,8,1998,1,4733,32.0,48.0,38.0,49.0,38.0,Male
2682,10468,4530.0,1978,4,2001,2,3256,7.0,31.25,34.0,31.0,34.0,Male
5730,20784,8474.0,4414,8,2006,7,6580,12.0,43.2,36.25,58.0,26.0,Male
2313,4260,1947.0,598,1,2010,3,0,117.0,44.0,38.0,44.0,29.0,Male
3548,10974,4144.0,1362,6,1998,4,3282,129.0,41.333333333333336,28.0,25.0,28.0,Male
2064,11254,3126.0,1198,9,2002,2,6064,122.0,41.5,30.0,40.0,30.0,Male
2078,13086,4686.0,3052,8,1982,2,6322,4.0,43.25,22.5,40.0,23.0,Male
2548,16440,6128.0,2752,9,1999,3,7764,45.0,37.0,36.5,23.0,56.0,Female
2273,14812,5617.0,3680,9,2009,9,6922,296.0,46.2,44.5,45.0,25.0,Female
2500,5480,1398.0,100,3,2013,6,1582,6.0,46.0,27.666666666666668,23.0,19.0,Female
3925,10327,3607.0,1577,6,1996,3,2795,2.0,46.666666666666664,34.0,23.0,27.0,Male
7582,20292,8594.0,5006,8,1986,4,4116,20.0,48.8,42.0,27.0,19.0,Male
2366,9748,4444.0,2492,2,1993,3,2938,1.0,32.0,24.0,32.0,30.0,Male
1463,6708,1467.0,189,7,2001,2,3778,11.0,38.0,36.0,37.0,52.0,Male
2680,16610,4368.0,3712,16,1997,7,9562,50.0,40.857142857142854,34.714285714285715,26.0,27.0,Male
4598,18994,6732.0,4028,6,2010,4,7664,104.0,58.666666666666664,46.666666666666664,56.0,27.0,Male
4558,12346,6550.0,5920,3,1996,2,1238,7.0,50.5,36.0,38.0,35.0,Female
0,4432,1397.0,502,11,2002,1,3035,181.0,43.8,28.0,28.0,51.0,Female
1750,9756,2298.0,270,10,2004,4,5708,246.0,42.0,29.5,48.0,34.0,Female
1996,9760,3516.0,1904,8,2007,2,4248,287.0,48.142857142857146,38.5,58.0,51.0,Male
1018,13679,3990.0,1171,13,2009,5,8671,17.0,56.25,32.0,37.0,36.0,Female
2974,16586,4574.0,1600,5,1985,1,9038,93.0,28.2,17.0,26.0,17.0,Male
3234,19038,9102.0,7486,6,2005,3,6702,2.0,24.0,24.0,24.0,24.0,Male
4995,10911,4015.0,2702,4,2011,8,1901,185.0,40.5,36.285714285714285,38.0,32.0,Female
9556,21702,7858.0,16,8,1987,4,4288,113.0,50.4,29.75,37.0,29.0,Male
1554,14800,4646.0,348,4,2009,3,8600,5.0,43.25,45.666666666666664,46.0,52.0,Female
4408,13410,5468.0,1292,4,2008,2,3534,4.0,59.25,32.5,41.0,38.0,Male
1780,11161,3401.0,1787,11,1992,6,5980,34.0,31.3,27.8,23.0,57.0,Female
344,9886,4610.0,4266,13,1988,1,4932,107.0,32.714285714285715,25.0,33.0,25.0,Male
633,14333,9453.0,9134,6,2010,2,4247,1.0,43.25,40.0,34.0,40.0,Male
4600,17588,6188.0,2969,6,2010,7,6800,43.0,42.333333333333336,36.666666666666664,30.0,28.0,Female
3472,21587,10334.0,8217,10,2005,5,7781,38.0,47.5,54.0,38.0,46.0,Male
1511,12446,4001.0,2651,15,2011,2,6934,209.0,57.38461538461539,45.0,48.0,40.0,Male
1842,7279,3402.0,2578,4,2009,4,2035,15.0,41.333333333333336,34.0,40.0,34.0,Female
9604,67548,26798.0,19138,26,1995,9,31146,84.0,54.705882352941174,53.0,52.0,37.0,Male
1688,10500,4840.0,4115,6,2002,4,3972,245.0,42.0,36.666666666666664,28.0,28.0,Male
2009,7613,3004.0,2249,12,2000,8,2600,2.0,26.333333333333332,33.8,27.0,25.0,Male
732,12522,6734.0,4100,7,2012,4,5056,3.0,35.714285714285715,28.333333333333332,36.0,34.0,Female
4532,10958,2890.0,110,9,2000,2,3536,98.0,44.0,32.0,30.0,31.0,Male
2465,18752,8208.0,6652,5,2011,5,8079,40.0,51.2,42.0,35.0,39.0,Male
2432,8820,2780.0,1278,4,2000,2,3608,201.0,36.0,26.5,25.0,32.0,Female
758,21332,9462.0,9076,8,1997,3,11112,22.0,24.6,32.0,25.0,32.0,Male
6956,30626,11150.0,7732,8,1994,5,12520,6.0,24.666666666666668,26.333333333333332,25.0,33.0,Male
1872,8196,2185.0,630,8,1993,3,4139,176.0,43.125,32.5,47.0,31.0,Male
2988,10214,2080.0,480,6,1995,5,5146,113.0,28.8,30.8,19.0,26.0,Female
3248,19270,4454.0,576,14,2003,8,11568,137.0,40.0,39.0,34.0,31.0,Female
476,10244,5318.0,4944,13,2004,2,4450,140.0,40.44444444444444,54.5,42.0,69.0,Male
4368,17663,6064.0,4030,9,1994,4,7231,41.0,38.666666666666664,39.25,39.0,21.0,Male
2009,8202,2271.0,262,10,2011,1,3922,23.0,44.75,31.0,32.0,31.0,Male
1170,11424,5298.0,4128,12,2003,1,4956,17.0,43.7,33.0,35.0,33.0,Male
3662,13154,4760.0,1486,11,2003,2,4732,11.0,46.4,30.5,45.0,36.0,Male
7932,24388,8146.0,5750,9,1995,4,8310,64.0,36.0,41.5,46.0,32.0,Female
2623,8659,2071.0,195,8,2011,4,3965,0.0,54.142857142857146,62.666666666666664,65.0,74.0,Male
713,11249,2932.0,2447,11,1996,2,7604,115.0,33.77777777777778,46.5,42.0,36.0,Male
2763,14320,3360.0,985,15,2011,3,8197,109.0,43.375,30.5,43.0,27.0,Male
613,4926,2505.0,1892,5,2006,1,1808,36.0,38.25,30.0,39.0,30.0,Male
3360,15960,8450.0,6710,7,1998,2,4150,11.0,36.0,34.5,34.0,35.0,Male
984,7086,2530.0,1792,9,1994,2,3572,105.0,40.833333333333336,33.5,32.0,26.0,Male
7214,17732,8718.0,3328,4,1999,4,1800,65.0,25.75,39.25,25.0,22.0,Male
196,17220,11254.0,11058,12,2009,1,5770,0.0,44.5,42.0,11.0,42.0,Male
1260,15296,3522.0,2372,16,1990,2,10514,378.0,35.90909090909091,22.0,35.0,38.0,Male
3246,31648,5980.0,3872,29,2008,5,22422,645.0,40.65,34.4,29.0,31.0,Male
5690,15500,6803.0,1841,8,2010,5,3007,108.0,37.75,36.5,48.0,40.0,Male
1036,23252,6572.0,5772,13,1989,3,15644,210.0,36.0,25.5,38.0,22.0,Male
3745,14573,2058.0,86,10,2010,3,8770,47.0,44.6,44.333333333333336,42.0,32.0,Male
2072,5100,1875.0,203,2,2010,2,1153,34.0,62.0,45.5,62.0,65.0,Male
667,4968,1686.0,1019,8,1998,1,2615,20.0,40.625,34.0,47.0,34.0,Male
2030,20724,6284.0,4254,15,2006,1,12410,175.0,47.72727272727273,33.0,36.0,33.0,Male
1801,5708,2736.0,1635,5,2013,5,1171,393.0,46.2,31.75,51.0,40.0,Male
3556,21982,5272.0,3814,16,1999,5,13154,7.0,32.333333333333336,29.4,22.0,56.0,Male
2660,20938,10040.0,8260,10,1995,4,8238,32.0,43.857142857142854,44.25,41.0,32.0,Male
4908,22288,8418.0,6234,10,1997,6,8962,115.0,54.0,29.2,33.0,22.0,Male
1200,15294,4104.0,3184,17,1988,3,9990,172.0,39.285714285714285,38.0,33.0,40.0,Male
1438,9399,2757.0,2149,11,1990,4,5204,242.0,45.9,38.0,35.0,34.0,Male
1370,8754,2295.0,1551,7,1982,4,5089,41.0,25.666666666666668,28.0,30.0,28.0,Male
4196,30524,6284.0,1240,8,1999,5,20044,52.0,39.857142857142854,31.6,41.0,34.0,Female
2371,4484,611.0,374,8,2001,7,1502,1.0,32.142857142857146,31.333333333333332,61.0,49.0,Female
5962,13814,3334.0,1630,6,2009,6,4518,48.0,41.5,51.5,36.0,66.0,Male
832,3558,1051.0,334,4,2011,2,1675,38.0,48.5,31.0,55.0,26.0,Male
1364,4056,1460.0,206,5,2011,2,1232,11.0,53.8,27.5,47.0,25.0,Male
7826,13630,3308.0,2766,9,1999,16,2496,18.0,39.857142857142854,37.142857142857146,17.0,29.0,Female
1716,7020,1504.0,600,10,1989,4,3800,8.0,51.111111111111114,39.0,55.0,43.0,Male
1464,17728,8002.0,6946,5,1994,2,8262,264.0,45.2,39.0,32.0,31.0,Male
685,4718,1528.0,1160,5,2007,2,2505,21.0,52.6,40.5,49.0,22.0,Male
2671,11290,7618.0,6971,3,2010,5,1001,64.0,31.333333333333332,26.6,22.0,25.0,Female
6592,23878,11194.0,9040,14,1999,10,6092,38.0,39.4,36.57142857142857,30.0,41.0,Male
718,10330,2240.0,162,7,2002,3,7372,25.0,34.5,49.0,35.0,31.0,Female
9754,24124,9158.0,2178,4,1999,6,5212,25.0,36.333333333333336,26.0,37.0,23.0,Male
4584,18784,4518.0,1106,10,1996,3,9682,154.0,42.375,31.0,34.0,32.0,Male
3302,13919,4116.0,956,10,2002,8,6501,58.0,45.285714285714285,26.5,33.0,43.0,Female
7164,16102,8938.0,1774,1,1999,1,0,150.0,69.0,30.0,69.0,30.0,Male
972,10794,1837.0,377,12,1989,4,7985,4.0,45.18181818181818,39.333333333333336,28.0,47.0,Female
500,5474,1668.0,1414,6,1981,2,3306,78.0,49.5,36.0,56.0,36.0,Male
3540,22846,8354.0,1872,6,2004,7,10952,47.0,39.5,25.5,29.0,42.0,Female
12108,22694,4356.0,792,11,1993,11,6230,3.0,43.285714285714285,38.666666666666664,53.0,21.0,Male
3944,11760,3930.0,1450,5,1997,2,3886,50.0,34.0,37.5,50.0,32.0,Male
2162,13956,5903.0,4833,9,2009,3,5891,12.0,43.22222222222222,40.666666666666664,40.0,36.0,Male
2807,13356,6705.0,4431,5,1989,3,3844,36.0,41.8,24.666666666666668,48.0,31.0,Male
8112,29106,14214.0,8512,13,2000,6,6780,122.0,45.27272727272727,32.4,36.0,34.0,Male
3284,17372,4372.0,1326,9,2005,3,9716,210.0,37.333333333333336,29.0,32.0,24.0,Male
864,12073,7005.0,6141,9,2009,1,4204,24.0,50.42857142857143,60.0,48.0,60.0,Male
286,16260,4200.0,130,12,1996,3,11774,48.0,43.714285714285715,40.0,39.0,46.0,Female
7694,19636,8940.0,6108,9,1993,4,3002,16.0,42.0,35.0,44.0,34.0,Male
1992,18274,7848.0,2042,7,2014,4,8434,133.0,39.333333333333336,34.0,23.0,20.0,Female
1080,24064,14490.0,13692,8,1998,3,8494,19.0,39.8,43.666666666666664,35.0,69.0,Male
901,14621,7633.0,7019,11,1989,2,6087,141.0,41.57142857142857,43.0,34.0,7.0,Male
1645,11906,5566.0,3921,6,2010,1,4695,103.0,50.2,36.0,36.0,36.0,Male
1147,6294,2306.0,1085,8,2003,6,2841,67.0,30.0,29.8,25.0,31.0,Female
4704,18826,6660.0,3120,13,2003,5,7462,549.0,43.23076923076923,43.75,56.0,45.0,Male
2935,12111,4993.0,3758,10,2012,4,4183,102.0,44.2,46.666666666666664,58.0,35.0,Male
9230,25338,7426.0,5386,7,1995,10,8682,8.0,34.57142857142857,27.7,34.0,35.0,Male
3612,24168,13874.0,11274,5,2007,4,6682,49.0,49.4,39.666666666666664,27.0,28.0,Male
3724,26730,12254.0,8860,17,1982,4,10752,14.0,46.0,50.0,33.0,39.0,Female
1224,7446,1777.0,399,8,2003,4,4445,118.0,37.142857142857146,32.5,24.0,23.0,Female
1154,13192,5308.0,4402,8,2000,3,6730,72.0,30.875,42.333333333333336,32.0,30.0,Male
2016,19924,8974.0,8008,9,1996,3,8934,20.0,47.25,29.0,35.0,23.0,Male
3532,13352,6352.0,4328,6,2008,4,3468,3.0,35.5,37.0,48.0,18.0,Female
2955,6904,2686.0,1557,7,2013,6,1263,17.0,32.5,33.333333333333336,26.0,43.0,Male
1350,13762,3476.0,3068,21,1993,4,8936,386.0,46.46666666666667,36.5,47.0,33.0,Male
102,13486,4862.0,4760,16,1987,1,8522,103.0,38.333333333333336,26.0,43.0,26.0,Male
7596,43768,15708.0,10928,9,2009,6,20464,60.0,35.5,27.25,43.0,37.0,Male
3588,22974,9264.0,7434,15,1997,3,10122,10.0,41.44444444444444,37.0,43.0,33.0,Male
4784,17523,7128.0,3880,10,2004,6,5611,37.0,34.44444444444444,39.0,29.0,23.0,Male
1142,4738,2462.0,2072,5,2000,3,1134,24.0,45.666666666666664,29.0,54.0,42.0,Male
1787,13375,3871.0,2303,7,2009,2,7717,10.0,56.666666666666664,60.0,78.0,60.0,Male
3092,21584,10098.0,7906,10,1995,5,8394,144.0,48.4,44.0,41.0,41.0,Male
203,4267,2341.0,2138,7,1972,1,1723,138.0,50.8,25.0,42.0,25.0,Male
8604,16158,5490.0,792,6,1990,2,2064,448.0,48.0,31.5,38.0,35.0,Male
390,9648,3284.0,2894,6,1996,1,5974,75.0,45.666666666666664,25.0,37.0,25.0,Male
2928,12632,7344.0,4526,2,2002,2,2360,45.0,45.5,25.0,52.0,36.0,Male
6416,27560,12276.0,6022,9,2001,7,8868,9.0,37.55555555555556,28.571428571428573,19.0,44.0,Female
1252,19958,6164.0,5702,13,1989,4,12542,245.0,42.833333333333336,38.666666666666664,39.0,37.0,Male
2778,18132,4508.0,1730,10,2000,1,10846,303.0,47.77777777777778,35.0,26.0,35.0,Male
1566,13756,2594.0,534,11,1999,4,9596,28.0,28.25,25.25,20.0,29.0,Female
2756,22344,11972.0,9898,7,1998,3,7616,11.0,46.0,53.5,59.0,55.0,Male
3352,22164,7408.0,4056,6,1997,1,11404,261.0,43.8,27.0,46.0,27.0,Male
0,3270,2580.0,1890,1,2013,1,690,293.0,63.0,49.0,49.0,63.0,Female
8032,16948,4500.0,300,9,1990,2,4416,27.0,48.44444444444444,35.5,24.0,39.0,Male
1598,5918,1934.0,850,4,2004,4,2386,154.0,43.333333333333336,28.75,27.0,31.0,Female
2180,12286,2328.0,622,11,1995,2,7778,15.0,27.75,30.5,32.0,20.0,Male
5987,21835,6581.0,4646,9,2011,8,9267,49.0,44.111111111111114,43.2,43.0,37.0,Male
2313,10274,3409.0,1297,8,2011,4,4552,44.0,50.4,27.25,17.0,43.0,Female
12596,31430,8904.0,2636,13,1986,4,9930,94.0,49.7,37.0,51.0,38.0,Male
3472,16058,2740.0,1044,18,2005,5,9846,393.0,39.27777777777778,38.2,16.0,15.0,Male
5146,13486,5326.0,3300,4,1999,5,3014,156.0,46.5,40.2,32.0,31.0,Female
6148,11216,4912.0,4756,1,1994,7,156,6.0,22.0,30.333333333333332,17.0,22.0,Female
2964,7244,2074.0,576,4,1987,2,2206,32.0,34.666666666666664,26.5,45.0,21.0,Male
12226,18481,4304.0,3203,4,2011,12,1951,186.0,38.333333333333336,42.666666666666664,23.0,27.0,Female
10146,41260,24376.0,17822,7,2000,7,6738,44.0,30.5,31.5,34.0,29.0,Male
342,4728,2143.0,1960,9,1986,2,2243,13.0,39.375,34.0,29.0,24.0,Male
3058,7948,2348.0,1071,4,2006,4,2542,55.0,35.0,31.5,30.0,30.0,Male
2768,21736,4730.0,3476,13,2005,5,14238,69.0,42.61538461538461,32.0,34.0,25.0,Male
6032,15498,5292.0,700,4,2000,3,4174,118.0,41.75,33.333333333333336,42.0,37.0,Male
1125,9442,3463.0,2607,6,2011,3,4854,129.0,48.5,38.0,36.0,42.0,Male
7220,19300,6672.0,3200,8,1998,5,5408,139.0,56.4,41.6,62.0,14.0,Male
325,15173,7990.0,7665,6,2010,1,6858,239.0,32.333333333333336,37.0,28.0,37.0,Male
1250,7888,3484.0,2444,8,2014,2,3154,188.0,37.0,43.0,32.0,45.0,Male
1903,10597,3985.0,2832,10,1991,3,4709,35.0,48.0,33.333333333333336,36.0,33.0,Male
2474,12188,6422.0,3130,1,2001,3,3292,1.0,34.0,40.333333333333336,33.0,34.0,Female
2677,12914,4422.0,2163,6,2011,2,5815,60.0,29.333333333333332,25.0,21.0,25.0,Male
3352,15268,6436.0,4210,8,2001,6,5480,61.0,41.0,35.333333333333336,43.0,46.0,Female
881,9135,5782.0,5150,4,2009,3,2472,2.0,42.5,42.0,47.0,37.0,Male
472,7650,2422.0,528,7,1998,2,4756,74.0,40.57142857142857,22.0,19.0,24.0,Female
11408,26450,8582.0,4918,6,1994,8,6460,21.0,43.25,29.333333333333332,53.0,44.0,Male
4254,15000,3472.0,1356,10,1997,7,7274,14.0,30.11111111111111,33.833333333333336,41.0,22.0,Female
2724,14610,4154.0,1798,8,2009,3,7732,8.0,44.857142857142854,21.0,80.0,21.0,Male
4682,12229,4215.0,1622,6,2001,4,3332,55.0,50.0,46.333333333333336,53.0,52.0,Male
7050,28758,5538.0,2544,11,2009,5,16170,2.0,42.8,42.8,51.0,61.0,Male
908,13314,6580.0,5672,8,2010,1,5826,323.0,44.75,35.0,36.0,35.0,Male
1192,7466,3150.0,2140,8,1987,2,3124,57.0,43.375,33.5,33.0,26.0,Male
1614,22802,9068.0,8256,13,1999,3,12120,49.0,52.4,45.0,59.0,47.0,Male
4351,7989,2362.0,73,4,2010,4,1276,59.0,33.666666666666664,46.25,37.0,31.0,Male
3410,14388,5360.0,3248,9,2002,4,5618,100.0,42.25,28.666666666666668,62.0,28.0,Male
3610,21372,10540.0,7452,4,1994,5,7222,218.0,34.0,24.2,31.0,12.0,Male
6432,18636,6386.0,1924,8,2007,7,5818,23.0,46.2,28.4,22.0,23.0,Male
7876,20010,6854.0,3170,5,1997,4,5280,11.0,33.2,34.5,23.0,20.0,Male
290,6824,2594.0,2411,12,2009,2,3940,43.0,50.666666666666664,33.5,72.0,28.0,Male
888,6753,4007.0,2716,5,2011,4,1858,32.0,57.6,47.5,62.0,62.0,Female
1226,9488,4539.0,1866,5,2009,6,3723,131.0,37.6,42.6,60.0,51.0,Female
3013,10203,4634.0,3013,4,2005,2,2556,8.0,46.0,31.5,32.0,20.0,Male
13054,39038,11788.0,1472,8,1997,4,14196,75.0,46.375,35.75,49.0,48.0,Male
3718,16338,4924.0,190,5,2011,8,7696,12.0,40.4,35.142857142857146,22.0,34.0,Female
835,7068,2555.0,1985,7,1975,3,3678,1103.0,41.333333333333336,51.333333333333336,48.0,38.0,Male
1641,7461,2507.0,1940,12,1978,6,3313,382.0,32.54545454545455,32.0,46.0,41.0,Male
4838,23822,9970.0,8122,20,2001,6,9014,46.0,31.5,30.4,27.0,21.0,Male
2564,21380,10636.0,8948,10,1992,2,8180,23.0,38.5,32.0,36.0,22.0,Male
6570,19312,10216.0,5844,8,1996,5,2526,303.0,28.75,26.5,34.0,27.0,Male
6772,57524,28102.0,25822,27,1991,7,22650,145.0,47.26086956521739,35.0,36.0,42.0,Male
3262,11246,2755.0,1322,10,1995,5,5229,69.0,45.77777777777778,42.25,49.0,30.0,Male
5682,22448,11628.0,8540,4,2007,8,5138,180.0,32.666666666666664,28.666666666666668,20.0,38.0,Female
1941,11329,2550.0,1116,11,1993,2,6838,844.0,41.63636363636363,20.0,46.0,26.0,Male
1597,6384,2608.0,1225,3,1993,3,2179,5.0,34.0,28.0,30.0,28.0,Male
3916,9836,4010.0,2540,5,1995,8,1910,14.0,20.666666666666668,18.666666666666668,17.0,16.0,Male
1441,15187,5040.0,4255,10,2010,2,8706,153.0,58.0,42.5,50.0,44.0,Male
3360,18967,8665.0,6045,12,2007,5,6942,188.0,30.833333333333332,25.0,25.0,35.0,Male
1058,11016,4456.0,3640,7,2008,2,5502,260.0,47.285714285714285,36.5,39.0,33.0,Male
898,13956,4126.0,982,4,1999,3,8932,54.0,43.0,45.666666666666664,35.0,39.0,Female
486,3747,1396.0,910,4,2005,1,1865,27.0,48.666666666666664,30.0,36.0,30.0,Male
3233,12967,3056.0,15,11,2011,9,6678,39.0,48.0,43.0,44.0,55.0,Female
4380,11012,5202.0,2242,7,2008,6,1430,18.0,46.8,46.166666666666664,71.0,49.0,Male
240,15468,6216.0,5976,7,2003,1,9012,160.0,46.0,27.0,41.0,27.0,Male
2666,18930,4478.0,518,7,2009,3,11786,7.0,49.0,43.0,64.0,80.0,Female
206,9078,7066.0,5754,5,1995,2,1806,64.0,43.2,32.0,32.0,37.0,Female
3079,13831,3211.0,2391,14,2012,6,7541,162.0,38.77777777777778,34.4,44.0,30.0,Male
1282,14996,5446.0,5022,9,1987,5,8268,145.0,45.0,33.75,41.0,35.0,Male
2096,20280,6794.0,5162,8,1998,4,11390,241.0,49.125,50.0,42.0,44.0,Male
444,28192,9956.0,9650,21,1999,2,17792,109.0,40.11764705882353,29.0,38.0,28.0,Male
6262,21036,7082.0,3658,10,2001,4,7692,23.0,34.333333333333336,35.75,54.0,41.0,Male
289,4536,1935.0,1646,6,2012,1,2312,136.0,29.333333333333332,42.0,19.0,42.0,Male
1474,11310,6226.0,5408,8,1992,2,3610,2.0,38.333333333333336,35.5,37.0,44.0,Male
3416,18272,7700.0,4452,8,1999,2,7156,5.0,47.857142857142854,49.5,61.0,53.0,Male
1858,10090,6927.0,6062,6,2011,4,1305,86.0,42.666666666666664,37.0,36.0,29.0,Male
1716,8809,1314.0,96,20,2012,4,5779,198.0,52.666666666666664,54.25,63.0,66.0,Male
3303,19192,9278.0,7927,12,2011,6,6611,63.0,44.2,39.666666666666664,42.0,47.0,Male
121,2518,681.0,560,8,1994,1,1716,880.0,47.25,39.0,46.0,39.0,Male
2418,15332,4452.0,3326,18,2000,5,8462,63.0,48.64705882352941,42.5,34.0,32.0,Male
7582,21638,7736.0,4220,7,1995,4,6320,2.0,34.4,45.333333333333336,38.0,36.0,Male
9202,31890,5560.0,2198,28,1996,11,17128,26.0,46.1764705882353,48.0,45.0,37.0,Male
2879,13185,4870.0,2162,7,2012,2,5436,72.0,38.6,32.5,31.0,29.0,Male
1950,11490,3976.0,2334,11,1995,2,5564,26.0,41.75,23.5,41.0,12.0,Male
1530,19218,13478.0,12060,9,2005,2,4210,32.0,50.4,34.0,41.0,34.0,Male
648,2624,1572.0,1168,1,2003,3,404,64.0,29.0,23.0,19.0,29.0,Female
1504,8760,2996.0,196,4,2000,6,4260,44.0,30.75,28.333333333333332,14.0,14.0,Female
1554,8616,4209.0,3228,7,2011,3,2853,0.0,39.666666666666664,48.0,42.0,35.0,Male
8466,40928,6834.0,4594,23,1999,12,25628,38.0,44.888888888888886,36.888888888888886,37.0,39.0,Male
4692,24842,6724.0,4178,13,1989,4,13426,109.0,42.2,37.0,40.0,39.0,Male
1356,9470,3230.0,2490,14,1999,4,4884,59.0,42.5,31.0,55.0,35.0,Male
2397,14890,8864.0,7658,4,1993,5,3629,23.0,58.25,55.5,58.0,42.0,Male
1107,11613,2502.0,1904,7,2011,4,8004,5.0,43.0,47.0,52.0,49.0,Male
4886,13976,5708.0,3186,4,2007,4,3382,2.0,47.333333333333336,33.0,40.0,38.0,Female
6367,16373,7954.0,3797,5,2008,10,2052,173.0,38.8,36.0,40.0,39.0,Male
2404,6489,2012.0,1103,4,2011,4,2073,3.0,37.0,25.25,37.0,36.0,Female
4618,25492,11000.0,6382,5,1998,1,9874,82.0,50.8,27.0,61.0,27.0,Male
3646,19518,10642.0,7428,3,2000,2,5230,41.0,40.333333333333336,39.0,33.0,33.0,Male
2047,7890,2801.0,1368,6,2006,3,3042,84.0,39.833333333333336,32.333333333333336,30.0,41.0,Male
0,4634,1607.0,225,4,1997,1,3027,48.0,41.5,30.0,30.0,36.0,Female
1710,13788,4107.0,3102,13,2002,3,7971,197.0,38.90909090909091,43.666666666666664,40.0,72.0,Male
1162,11184,4822.0,4304,8,2008,4,5200,37.0,44.5,36.666666666666664,42.0,32.0,Male
807,4437,2438.0,1916,3,1990,2,1192,126.0,60.0,63.0,50.0,66.0,Male
1720,15066,5104.0,4074,11,1996,4,8242,356.0,44.3,40.666666666666664,34.0,59.0,Male
3346,19598,5624.0,2278,8,2000,1,10628,347.0,43.625,28.0,38.0,28.0,Male
889,3164,1486.0,597,5,2001,1,789,48.0,27.5,35.0,46.0,35.0,Male
3288,18472,5344.0,2056,9,1987,7,9840,179.0,53.285714285714285,48.333333333333336,41.0,23.0,Female
4068,14626,4336.0,694,7,1997,4,6222,17.0,52.0,63.0,55.0,63.0,Male
3560,13484,4594.0,1566,10,1998,3,5330,224.0,50.4,46.0,37.0,35.0,Male
3274,12458,5088.0,3960,11,2001,6,4096,11.0,49.333333333333336,46.166666666666664,33.0,38.0,Female
7624,27086,10782.0,7120,10,1999,7,8680,7.0,38.375,30.4,30.0,35.0,Male
4392,21738,12210.0,10336,8,1999,8,5136,25.0,24.0,35.833333333333336,50.0,40.0,Female
0,2173,1160.0,466,3,1995,1,1013,2.0,43.5,29.0,29.0,51.0,Female
4022,22762,5025.0,694,14,2011,7,13715,16.0,52.0,45.0,31.0,29.0,Female
2032,13018,2778.0,1700,10,1999,3,8208,50.0,40.9,35.666666666666664,34.0,28.0,Male
3440,18402,8010.0,4830,7,1999,9,6952,95.0,35.0,26.0,24.0,31.0,Female
1921,6841,2672.0,1412,8,2010,5,2248,23.0,47.142857142857146,38.4,46.0,36.0,Male
4076,14330,4436.0,2980,5,1995,4,5818,16.0,50.75,32.0,32.0,37.0,Male
0,1658,789.0,430,4,1993,1,869,157.0,40.333333333333336,39.0,39.0,41.0,Female
2563,7167,3526.0,2705,4,2009,5,1078,22.0,48.75,43.2,52.0,75.0,Male
381,7089,2483.0,527,5,2009,3,4225,44.0,41.75,47.5,33.0,42.0,Female
5146,15363,6350.0,1204,10,1939,1,3867,45.0,49.8,34.0,38.0,34.0,Male
992,7927,5267.0,4611,3,2011,4,1668,77.0,48.666666666666664,35.666666666666664,30.0,64.0,Female
1988,14720,8468.0,7520,7,1999,4,4264,198.0,35.714285714285715,35.0,39.0,35.0,Male
6649,14390,3659.0,481,9,2000,9,4082,40.0,46.44444444444444,37.25,63.0,31.0,Male
5007,11671,6664.0,3102,1,2013,2,0,95.0,51.0,33.0,51.0,32.0,Male
4408,31942,19892.0,18182,7,2009,4,7642,27.0,33.666666666666664,43.5,27.0,58.0,Male
1046,20248,5222.0,4176,13,2001,1,13980,281.0,41.4,34.0,40.0,34.0,Male
906,18760,3230.0,650,13,2004,3,14624,176.0,42.916666666666664,36.0,35.0,43.0,Female
1420,17148,5646.0,4384,14,1999,2,10082,18.0,39.166666666666664,28.0,32.0,30.0,Male
3228,9715,3076.0,745,8,2013,4,3411,0.0,33.0,41.5,33.0,53.0,Male
5940,19630,7794.0,3048,5,1980,4,5896,177.0,25.75,43.666666666666664,20.0,44.0,Male
6428,30354,9494.0,3476,14,1998,2,14432,69.0,41.45454545454545,31.0,37.0,29.0,Male
2126,10265,4234.0,2108,3,2009,1,3905,11.0,45.666666666666664,28.0,55.0,28.0,Male
3324,14073,5240.0,3760,7,2012,5,5509,61.0,33.4,46.4,16.0,27.0,Male
1884,15570,5189.0,3305,10,2011,1,8497,41.0,37.875,38.0,29.0,38.0,Male
2767,9847,4618.0,3140,6,2012,5,2462,19.0,27.333333333333332,32.8,20.0,22.0,Male
2321,5845,3057.0,1854,3,1989,2,467,126.0,21.0,20.5,30.0,9.0,Male
816,13556,7076.0,6712,12,1993,4,5664,162.0,55.875,38.5,39.0,63.0,Male
1464,13776,10332.0,9604,5,2002,3,1980,69.0,36.2,31.0,26.0,29.0,Male
2578,10506,2804.0,2082,10,2002,6,5124,48.0,42.0,42.0,29.0,28.0,Male
3470,9110,3558.0,1894,4,1993,4,2082,84.0,50.666666666666664,36.0,46.0,11.0,Male
1602,14648,8370.0,7654,10,2008,4,4676,105.0,39.77777777777778,42.0,30.0,22.0,Male
486,12286,3944.0,330,5,2000,2,7856,63.0,34.75,27.5,27.0,25.0,Female
3990,17666,6016.0,3282,11,1998,7,7660,75.0,33.833333333333336,32.0,23.0,22.0,Male
122,2276,1268.0,864,4,1991,2,886,89.0,27.0,29.0,28.0,29.0,Female
736,15785,7675.0,7251,10,1997,2,7374,33.0,38.2,13.0,42.0,13.0,Male
7110,16742,9518.0,9404,1,2009,9,114,55.0,47.0,32.8,26.0,47.0,Female
7123,18434,5642.0,2996,7,2005,10,5669,52.0,40.5,39.3,20.0,31.0,Female
1814,11874,3879.0,2749,8,2011,3,6181,31.0,53.0,31.666666666666668,40.0,32.0,Male
4194,23950,6752.0,5074,18,1993,4,13004,48.0,35.44444444444444,25.333333333333332,53.0,27.0,Male
1642,15580,4120.0,166,9,2002,4,9818,45.0,43.0,34.0,25.0,30.0,Female
756,14298,7768.0,4990,5,2008,4,5774,15.0,42.0,42.0,26.0,58.0,Female
8582,25982,11556.0,3928,6,1991,2,5844,12.0,46.5,34.5,60.0,56.0,Male
4582,14170,4810.0,2872,8,2008,7,4778,41.0,48.625,37.714285714285715,46.0,33.0,Male
8528,18744,9974.0,4878,2,1954,2,242,30.0,41.5,38.5,46.0,25.0,Male
5762,18687,4160.0,1362,10,2011,10,8765,41.0,39.2,46.5,26.0,53.0,Female
124,19058,8392.0,8268,7,2000,1,10542,37.0,44.57142857142857,24.0,28.0,24.0,Male
3750,7522,2812.0,755,3,2010,5,960,21.0,41.333333333333336,37.25,24.0,29.0,Male
1012,10942,2454.0,1442,12,1990,1,7476,57.0,49.083333333333336,71.0,40.0,71.0,Male
2930,13302,7126.0,5306,6,2008,4,3246,27.0,46.333333333333336,40.0,34.0,60.0,Male
931,7344,2263.0,1332,5,2012,1,4150,112.0,34.75,36.0,32.0,36.0,Male
6383,14014,5792.0,4385,3,2011,6,1839,40.0,28.5,25.666666666666668,31.0,29.0,Female
4648,18864,8572.0,3924,6,2008,1,5644,21.0,36.0,26.0,26.0,26.0,Male
3988,20454,7300.0,332,6,1999,9,9166,260.0,53.0,42.42857142857143,32.0,50.0,Female
999,9147,2891.0,2368,10,2013,3,5257,28.0,46.25,31.666666666666668,35.0,29.0,Male
467,7316,4570.0,4103,7,1998,1,2279,261.0,40.0,39.0,26.0,39.0,Male
1626,16402,9260.0,8044,5,2001,3,5516,347.0,45.0,25.0,29.0,28.0,Male
1721,9007,4414.0,3147,6,2012,3,2872,2.0,47.0,37.0,37.0,47.0,Female
340,8772,1776.0,1436,12,1993,1,6656,68.0,24.583333333333332,42.0,27.0,42.0,Male
1855,17065,8621.0,5090,6,2013,5,6589,89.0,45.0,47.25,54.0,57.0,Female
2916,16106,9764.0,8402,4,2004,5,3426,77.0,46.0,30.0,42.0,33.0,Male
6935,20247,8340.0,5121,8,2010,7,4972,34.0,27.0,24.285714285714285,22.0,26.0,Male
3910,15060,3438.0,1108,7,2000,6,7712,143.0,28.571428571428573,33.166666666666664,36.0,27.0,Female
1562,20310,8838.0,7276,13,1995,1,9910,200.0,42.9,23.0,58.0,23.0,Male
17658,33402,6130.0,3602,7,1995,8,9614,85.0,43.285714285714285,41.857142857142854,36.0,35.0,Female
7650,28612,10814.0,8732,10,2005,5,10148,34.0,34.857142857142854,28.8,34.0,36.0,Male
4496,10920,4839.0,1951,5,2012,5,1585,6.0,55.0,42.0,53.0,49.0,Male
13530,29954,11654.0,9494,6,2008,10,4770,185.0,45.666666666666664,46.142857142857146,43.0,54.0,Female
4280,14760,6746.0,2466,2,1989,1,3734,54.0,31.5,27.0,29.0,27.0,Male
4664,18248,5856.0,3038,12,1998,5,7728,185.0,36.666666666666664,44.5,28.0,26.0,Male
2012,5422,2344.0,332,5,1994,1,1066,5.0,43.75,28.0,30.0,28.0,Male
1937,4246,2084.0,817,2,2011,3,225,4.0,42.0,26.5,33.0,26.0,Male
5228,18864,7260.0,3668,9,2001,4,6376,17.0,54.625,40.0,42.0,41.0,Male
3288,12592,6644.0,3356,4,2001,1,2660,411.0,42.333333333333336,29.0,38.0,29.0,Male
1141,7446,2309.0,1689,8,2007,3,3996,405.0,50.857142857142854,35.333333333333336,44.0,35.0,Male
4728,27072,11020.0,7930,5,2004,5,11324,100.0,38.2,37.25,44.0,43.0,Male
5916,20260,8686.0,3230,10,1998,2,5658,75.0,43.5,36.0,44.0,40.0,Male
9172,25458,10520.0,6394,11,2002,7,5766,14.0,45.25,28.6,62.0,43.0,Male
0,5171,3108.0,2315,3,1992,1,2063,100.0,38.333333333333336,30.0,30.0,31.0,Female
1789,19960,6384.0,1364,8,1993,4,11787,13.0,38.25,35.0,49.0,25.0,Female
1686,10456,4994.0,3506,5,1999,2,3776,503.0,26.0,27.0,44.0,27.0,Male
2277,7350,2797.0,2143,5,1993,6,2276,266.0,33.0,33.166666666666664,37.0,31.0,Male
3058,12470,6494.0,4418,7,1999,2,2918,172.0,43.285714285714285,30.0,36.0,19.0,Male
4176,28970,6298.0,3708,14,1996,6,18496,48.0,40.7,27.5,41.0,34.0,Male
1068,17460,6210.0,5296,11,2008,2,10182,170.0,36.0,24.0,52.0,24.0,Male
5894,15440,4266.0,1545,15,2012,6,5280,169.0,45.166666666666664,35.333333333333336,29.0,22.0,Male
1816,20670,6083.0,5205,15,2010,4,12771,106.0,39.61538461538461,29.5,27.0,25.0,Male
1412,9480,1918.0,44,8,1998,4,6150,27.0,36.42857142857143,33.0,33.0,54.0,Female
5248,14376,4854.0,1956,8,1987,5,4274,22.0,35.285714285714285,39.5,38.0,31.0,Male
3212,13947,7621.0,4409,5,2011,1,3114,60.0,34.75,38.0,31.0,38.0,Male
6206,24656,7610.0,1822,5,1998,2,10840,68.0,49.4,40.0,61.0,40.0,Male
7372,14751,2571.0,102,5,1985,6,4808,92.0,33.25,24.4,23.0,23.0,Male
1688,10129,3181.0,1620,10,2005,2,5260,515.0,49.375,26.0,34.0,24.0,Male
1025,9001,2024.0,999,11,1980,1,5952,937.0,43.2,24.0,38.0,24.0,Male
1788,9041,2339.0,1621,15,1999,3,4914,813.0,47.15384615384615,25.666666666666668,47.0,18.0,Male
10688,27600,11634.0,7964,4,1998,5,5278,168.0,34.666666666666664,49.666666666666664,52.0,48.0,Female
3594,12714,2892.0,1596,11,2001,7,6228,1.0,28.857142857142858,34.333333333333336,34.0,29.0,Male
6314,21228,9736.0,5734,8,1995,5,5178,15.0,40.0,29.0,33.0,37.0,Male
5076,16770,4938.0,2014,9,2008,5,6756,14.0,47.714285714285715,43.75,34.0,74.0,Female
166,7939,2029.0,1863,11,2011,1,5744,139.0,33.5,20.0,14.0,20.0,Male
774,12276,4871.0,4097,7,2007,1,6631,153.0,27.142857142857142,19.0,24.0,19.0,Male
2472,10482,3228.0,1076,4,1984,5,4782,35.0,45.5,35.0,43.0,28.0,Female
3215,12471,5308.0,3201,12,2009,3,3948,44.0,34.666666666666664,33.0,31.0,36.0,Male
1806,7180,3390.0,2312,5,2004,4,1984,12.0,40.0,42.333333333333336,36.0,37.0,Male
8732,17940,5686.0,1472,6,1997,6,3522,8.0,41.6,35.5,66.0,18.0,Male
1840,18118,7994.0,7382,5,1996,6,8284,8.0,28.0,26.333333333333332,30.0,26.0,Male
1004,5713,2765.0,2058,3,2001,3,1944,107.0,38.0,25.0,47.0,35.0,Male
1189,17147,1934.0,1486,26,2005,3,14024,68.0,46.88235294117647,33.0,44.0,33.0,Male
4046,11812,5744.0,2696,7,2011,6,2022,1.0,44.333333333333336,43.0,37.0,34.0,Male
4432,21436,8446.0,5560,7,1999,4,8558,139.0,36.857142857142854,33.25,29.0,27.0,Male
9568,16854,3228.0,324,4,2010,10,4058,0.0,50.0,35.375,57.0,44.0,Male
2415,12248,3974.0,1971,8,2012,4,5859,239.0,49.57142857142857,30.0,41.0,29.0,Male
456,9000,3710.0,738,8,1984,2,4834,99.0,39.5,27.0,28.0,28.0,Female
1661,3963,1424.0,652,4,2009,4,878,145.0,29.333333333333332,35.0,33.0,34.0,Male
4943,13820,4763.0,3067,5,1991,4,4114,93.0,38.2,39.0,35.0,52.0,Female
6930,23008,5170.0,482,9,1998,7,10908,326.0,44.666666666666664,38.0,34.0,26.0,Male
9260,19556,5968.0,145,8,2012,9,4328,73.0,46.25,30.571428571428573,43.0,40.0,Male
5413,20597,4048.0,1056,11,2011,4,11136,198.0,44.666666666666664,34.75,28.0,30.0,Male
271,8220,2511.0,2367,8,1999,2,5438,103.0,31.75,22.0,38.0,24.0,Male
1196,7482,1482.0,702,8,1993,3,4804,113.0,35.57142857142857,28.5,23.0,34.0,Male
1466,6359,1146.0,419,9,2004,3,3747,9.0,36.5,24.333333333333332,49.0,24.0,Male
565,8789,2756.0,2191,13,2011,1,5468,26.0,47.84615384615385,47.0,53.0,47.0,Male
5472,17472,5306.0,2722,8,1990,6,6694,2.0,62.333333333333336,47.666666666666664,44.0,49.0,Male
520,6644,2242.0,1894,15,1993,2,3882,118.0,46.42857142857143,35.0,42.0,37.0,Male
104,3710,1961.0,1857,7,2001,1,1645,117.0,42.142857142857146,22.0,31.0,22.0,Male
1138,10874,4762.0,4190,7,1996,4,4974,32.0,27.666666666666668,25.5,25.0,20.0,Male
2874,14606,5344.0,3404,8,1990,4,6388,34.0,49.0,40.5,48.0,30.0,Male
672,9476,2802.0,156,6,2006,2,6002,19.0,37.6,30.0,26.0,39.0,Female
4116,26304,5232.0,3666,17,2004,4,16956,186.0,44.3125,37.0,36.0,28.0,Male
5678,15732,5696.0,2378,6,1994,4,4358,303.0,47.2,25.666666666666668,47.0,36.0,Male
226,23842,11662.0,11436,15,1993,1,11954,25.0,36.46666666666667,50.0,24.0,50.0,Male
1806,14178,4934.0,1254,10,2008,6,7438,231.0,29.11111111111111,24.666666666666668,18.0,22.0,Female
864,7648,2898.0,2458,8,1988,2,3886,237.0,44.166666666666664,29.0,44.0,32.0,Male
2682,14546,9028.0,6346,9,2005,1,2836,31.0,45.625,51.0,36.0,51.0,Male
8526,32538,10878.0,3848,8,1997,4,13134,12.0,44.625,32.5,37.0,28.0,Male
786,8754,5734.0,5349,8,2009,3,2234,103.0,41.857142857142854,37.0,40.0,32.0,Male
434,12146,4266.0,824,7,1983,2,7446,15.0,41.0,34.0,38.0,42.0,Female
3411,10606,5877.0,3333,4,2009,4,1318,97.0,36.5,30.333333333333332,48.0,24.0,Male
3110,8026,1377.0,13,9,2010,8,3539,121.0,37.22222222222222,41.857142857142854,32.0,38.0,Male
200,15316,5208.0,5008,18,2008,1,9908,100.0,49.166666666666664,32.0,46.0,32.0,Male
1376,20814,9462.0,8436,8,1982,2,9976,159.0,57.5,33.0,57.0,36.0,Male
1317,2987,1372.0,1074,1,1958,3,298,29.0,70.0,32.0,25.0,70.0,Female
5084,16266,5064.0,2302,7,2007,4,6118,11.0,45.0,51.666666666666664,60.0,47.0,Male
4728,22758,7838.0,4518,17,1997,8,10192,81.0,52.857142857142854,36.75,54.0,28.0,Male
3290,19578,8746.0,6536,13,1987,5,7542,97.0,48.583333333333336,27.5,43.0,27.0,Male
677,8562,1902.0,1366,11,2011,2,5983,15.0,46.625,32.0,44.0,32.0,Male
696,12572,3244.0,2548,10,2010,1,8632,2.0,39.0,16.0,32.0,16.0,Male
1881,8619,3705.0,2974,10,2010,8,3033,1.0,44.0,47.5,40.0,49.0,Female
3958,30788,9884.0,1834,12,1990,5,16946,30.0,49.2,37.6,23.0,26.0,Female
1510,17823,6372.0,5654,9,2007,3,9941,212.0,50.111111111111114,40.0,54.0,39.0,Male
8200,18396,3916.0,1550,8,1998,7,6280,55.0,42.333333333333336,33.5,34.0,29.0,Male
1448,10470,5442.0,4176,3,1999,2,3580,195.0,51.666666666666664,33.0,52.0,33.0,Male
3454,11806,4166.0,2784,7,1988,5,4186,121.0,36.285714285714285,53.333333333333336,18.0,79.0,Male
1431,16839,11718.0,10437,12,2013,2,3690,125.0,42.0,25.5,39.0,23.0,Male
3404,21864,10402.0,8284,6,2000,2,8058,31.0,43.833333333333336,32.5,56.0,43.0,Male
3918,10944,3788.0,830,6,1999,2,3238,217.0,51.333333333333336,30.5,46.0,33.0,Male
3392,10346,5220.0,2956,8,2008,2,1734,31.0,44.2,32.5,56.0,44.0,Male
246,4421,1432.0,1299,5,2000,2,2743,253.0,51.0,26.0,61.0,34.0,Male
6128,24012,9612.0,6554,10,2008,11,8272,118.0,36.6,27.666666666666668,46.0,28.0,Male
8564,21806,8422.0,276,5,2000,3,4820,14.0,34.0,27.0,33.0,36.0,Male
3664,26362,9450.0,1178,7,1998,5,13248,215.0,46.57142857142857,41.8,37.0,42.0,Female
10582,33636,14794.0,8124,11,2009,6,8260,17.0,38.111111111111114,38.2,21.0,21.0,Male
1277,12750,3787.0,1131,17,2012,3,7686,104.0,45.25,35.666666666666664,35.0,43.0,Female
2209,4950,2237.0,1175,3,2011,4,504,38.0,53.0,41.25,29.0,26.0,Male
2023,5313,1666.0,648,5,2001,3,1624,64.0,39.25,31.0,31.0,36.0,Male
487,7960,3741.0,3375,11,1992,2,3732,15.0,45.09090909090909,40.0,44.0,43.0,Male
404,2273,1170.0,815,3,2000,4,699,59.0,38.666666666666664,42.5,36.0,31.0,Female
2414,8670,3282.0,2129,7,2009,5,2974,18.0,27.25,34.4,26.0,19.0,Male
1659,8751,4760.0,3947,7,1990,3,2332,44.0,35.714285714285715,23.333333333333332,33.0,20.0,Male
713,3358,762.0,101,5,2010,4,1883,368.0,44.4,51.25,44.0,47.0,Female
0,3598,712.0,34,7,1997,1,2886,90.0,44.857142857142854,48.0,48.0,51.0,Female
1287,9063,3703.0,2416,6,1997,1,4073,50.0,36.333333333333336,28.0,27.0,28.0,Male
1911,8560,1451.0,90,11,2010,3,5198,1.0,35.833333333333336,63.0,43.0,63.0,Male
2183,4923,1202.0,287,5,2007,6,1538,64.0,28.8,39.833333333333336,28.0,22.0,Male
1082,7825,3444.0,2932,5,1990,3,3299,180.0,43.0,31.0,29.0,37.0,Male
1923,7629,1525.0,597,11,2010,4,4181,8.0,54.0,36.0,31.0,35.0,Female
816,4071,2547.0,1953,2,1988,4,708,120.0,45.0,32.0,40.0,43.0,Female
1819,8199,4718.0,3445,8,2007,4,1662,160.0,55.5,49.75,53.0,38.0,Male
4198,9770,1806.0,622,6,1988,6,3766,155.0,51.5,37.2,32.0,42.0,Female
1301,6701,1812.0,511,9,2002,1,3588,0.0,35.666666666666664,34.0,24.0,34.0,Male
1433,4832,1272.0,358,8,2007,3,2127,103.0,54.714285714285715,33.666666666666664,70.0,32.0,Male
299,5820,3858.0,3698,6,1986,2,1663,41.0,37.0,38.0,32.0,45.0,Male
1339,6043,1590.0,878,9,2004,2,3114,73.0,42.875,30.5,28.0,25.0,Male
2694,7470,3907.0,1612,6,2010,4,869,10.0,45.666666666666664,18.0,30.0,30.0,Male
0,9231,2397.0,1315,18,2009,1,6834,11.0,52.77777777777778,37.0,37.0,39.0,Female
345,5009,2107.0,311,5,2007,3,2557,46.0,37.5,43.5,45.0,38.0,Female
833,8747,3406.0,814,3,2009,3,4508,5.0,27.0,35.0,27.0,29.0,Female
3002,6567,2062.0,600,6,2009,5,1503,33.0,40.0,24.0,29.0,28.0,Male
965,6197,4835.0,4202,3,2007,3,397,118.0,51.666666666666664,44.666666666666664,70.0,61.0,Male
258,4019,2917.0,2456,4,2006,3,844,10.0,37.333333333333336,37.0,37.0,38.0,Female
2213,7495,2436.0,1500,5,2006,4,2846,46.0,43.4,43.0,42.0,58.0,Male
245,6390,2523.0,2278,7,1999,1,3622,19.0,39.4,53.0,29.0,53.0,Male
3117,6341,1244.0,282,6,2000,5,1980,115.0,50.25,45.0,47.0,36.0,Male
1831,11116,2997.0,1781,10,1996,3,6288,39.0,50.333333333333336,32.0,56.0,32.0,Male
2767,6206,2234.0,842,4,2009,3,1205,7.0,42.0,35.666666666666664,53.0,38.0,Male
365,5271,2716.0,2391,12,1994,2,2190,191.0,38.111111111111114,39.0,48.0,48.0,Female
744,9104,3816.0,215,5,1980,2,4544,258.0,38.25,30.0,31.0,34.0,Female
1120,4769,1355.0,707,9,2010,4,2294,4.0,53.42857142857143,45.666666666666664,64.0,39.0,Male
2672,7878,3647.0,975,6,1997,1,1559,144.0,53.75,30.0,41.0,30.0,Male
1158,6596,3272.0,1967,6,2010,7,2166,7.0,41.5,39.166666666666664,36.0,42.0,Female
307,10043,4024.0,3827,9,2010,2,5712,49.0,40.833333333333336,55.0,55.0,55.0,Male
556,9582,2878.0,2478,9,1999,2,6148,26.0,43.142857142857146,44.5,44.0,43.0,Male
2552,9429,1228.0,619,12,2004,9,5649,76.0,38.833333333333336,32.142857142857146,40.0,32.0,Male
755,3536,1829.0,1074,4,2010,1,952,43.0,40.333333333333336,37.0,42.0,37.0,Male
0,4556,1537.0,813,9,2009,1,3019,45.0,56.25,32.0,32.0,33.0,Female
1138,7193,3966.0,2950,8,2013,2,2089,29.0,45.4,41.0,44.0,41.0,Male
1174,6978,3500.0,2432,6,1993,2,2304,133.0,48.6,40.0,46.0,44.0,Male
665,4563,1360.0,695,8,2009,1,2538,34.0,45.2,37.0,39.0,37.0,Male
979,4555,2465.0,2036,4,2010,4,1111,277.0,38.25,43.0,48.0,17.0,Male
2164,7074,2169.0,1175,5,2006,4,2741,166.0,38.4,37.0,57.0,46.0,Female
1823,10235,4122.0,2840,11,2005,7,4290,13.0,45.42857142857143,33.857142857142854,20.0,53.0,Female
938,6965,3045.0,1850,4,2008,2,2982,16.0,41.25,42.5,23.0,30.0,Female
2043,5612,1991.0,1517,6,2003,3,1578,13.0,50.0,46.666666666666664,28.0,49.0,Female
701,10827,5080.0,4672,10,2010,2,5046,47.0,48.875,29.0,54.0,29.0,Male
1262,3524,1220.0,434,4,2006,2,1042,49.0,46.666666666666664,24.0,41.0,12.0,Male
1152,6650,2104.0,1573,7,2003,3,3394,249.0,47.0,38.333333333333336,63.0,50.0,Male
1604,14678,7415.0,4201,7,2000,6,5659,203.0,42.833333333333336,39.0,33.0,64.0,Female
6765,19338,6837.0,4214,5,1982,6,5736,13.0,55.4,44.666666666666664,61.0,48.0,Male
565,6266,2200.0,680,7,1973,3,3501,195.0,42.833333333333336,28.0,41.0,34.0,Female
727,6214,1612.0,1106,10,2010,2,3875,113.0,49.44444444444444,34.0,43.0,28.0,Male
2802,6027,1595.0,694,4,1998,7,1630,74.0,26.333333333333332,27.833333333333332,18.0,23.0,Female
1672,5106,1399.0,493,5,2002,4,2035,23.0,40.4,42.0,48.0,43.0,Male
864,9566,3589.0,2911,9,2013,2,5113,3.0,41.375,47.0,37.0,49.0,Male
824,6222,2907.0,2211,5,1991,2,2491,86.0,38.8,31.5,42.0,34.0,Male
499,4496,2192.0,903,2,2005,4,1805,121.0,34.0,24.333333333333332,43.0,34.0,Female
7715,11233,1938.0,1497,5,2010,9,1580,41.0,45.2,43.22222222222222,61.0,36.0,Female
1333,6197,2111.0,1253,7,1994,4,2753,45.0,48.857142857142854,31.5,34.0,28.0,Male
1501,4268,873.0,164,5,1982,6,1894,107.0,19.0,23.0,23.0,19.0,Female
2105,5157,1236.0,306,8,1986,6,1816,44.0,35.42857142857143,25.5,38.0,22.0,Male
397,2096,551.0,261,5,1993,2,1148,33.0,37.5,37.0,58.0,43.0,Male
6206,10518,2590.0,1823,6,1991,9,1722,165.0,40.0,48.22222222222222,25.0,32.0,Female
832,1672,840.0,202,1,2005,2,0,149.0,43.0,39.0,43.0,39.0,Male
1493,8641,2638.0,1342,9,1999,2,4510,122.0,36.666666666666664,38.5,46.0,50.0,Male
675,7486,4881.0,4641,5,1997,3,1930,91.0,49.2,51.5,53.0,66.0,Male
2419,10950,4338.0,2324,11,1999,3,4193,176.0,47.57142857142857,34.5,45.0,41.0,Male
1154,7091,4782.0,3967,3,2010,2,1155,67.0,38.0,29.5,35.0,28.0,Male
962,12645,2812.0,2313,15,1972,3,8871,690.0,43.266666666666666,31.333333333333332,32.0,26.0,Male
2346,16793,5163.0,4191,16,1974,5,9284,266.0,40.666666666666664,29.75,34.0,28.0,Male
2850,13906,7899.0,5528,7,1990,4,3157,96.0,46.6,28.333333333333332,36.0,36.0,Male
750,7421,2472.0,1722,12,2010,1,4199,38.0,42.6,42.0,40.0,42.0,Male
572,3677,1278.0,472,5,2007,3,1827,73.0,43.75,23.0,18.0,64.0,Female
783,3296,858.0,182,5,1988,5,1655,37.0,54.4,19.666666666666668,25.0,44.0,Female
1774,3788,854.0,220,5,2002,4,1160,45.0,24.6,24.25,30.0,25.0,Male
661,3053,1040.0,379,5,1990,1,1352,11.0,38.2,26.0,29.0,26.0,Male
2015,12708,2884.0,1633,10,2009,4,7809,350.0,42.22222222222222,19.25,20.0,19.0,Male
2673,10804,3976.0,1717,11,1988,6,4155,2.0,30.88888888888889,27.2,17.0,19.0,Female
1786,4672,2011.0,929,3,2008,4,875,2.0,51.333333333333336,34.333333333333336,37.0,52.0,Male
5216,10118,4241.0,566,4,2013,5,661,27.0,38.666666666666664,33.0,39.0,29.0,Male
1261,8174,2543.0,944,12,1992,4,4370,40.0,37.5,28.5,36.0,36.0,Female
589,4073,1789.0,1331,6,2012,3,1695,6.0,53.166666666666664,45.666666666666664,67.0,50.0,Female
829,7158,2339.0,1510,7,2003,1,3990,97.0,30.4,54.0,17.0,54.0,Male
1733,6833,1501.0,371,6,1987,5,3599,22.0,47.8,34.666666666666664,46.0,37.0,Female
1793,12030,8538.0,7665,5,2007,3,1699,17.0,38.75,44.5,29.0,31.0,Male
1816,6097,2037.0,471,3,1999,2,2244,69.0,35.0,24.5,48.0,23.0,Male
1175,11918,4004.0,285,4,2010,4,6739,33.0,53.0,35.0,34.0,41.0,Female
1207,6077,1486.0,701,10,1981,4,3384,56.0,51.125,32.5,33.0,59.0,Female
2062,6199,1381.0,416,7,2003,8,2756,7.0,47.666666666666664,41.142857142857146,36.0,53.0,Female
2709,8482,4969.0,2402,4,2007,2,804,15.0,49.25,27.5,42.0,30.0,Male
1027,4167,970.0,116,6,2003,2,2170,74.0,39.333333333333336,28.5,37.0,31.0,Male
1400,8229,3943.0,2829,8,2006,3,2886,0.0,39.75,34.0,35.0,34.0,Male
5072,9791,3097.0,2231,4,2005,5,1622,44.0,54.5,55.6,33.0,34.0,Female
2507,7933,2618.0,491,14,2007,3,2808,8.0,39.583333333333336,49.333333333333336,61.0,32.0,Male
649,12004,8058.0,7523,9,2009,2,3297,38.0,43.5,40.0,39.0,32.0,Male
2050,14698,3863.0,2365,16,2009,3,8785,140.0,40.733333333333334,26.0,53.0,26.0,Male
1613,8565,4191.0,3622,8,2010,4,2761,7.0,39.833333333333336,32.25,18.0,19.0,Male
2881,5292,2179.0,544,2,2010,2,232,0.0,43.5,41.5,43.0,42.0,Male
1953,5357,1935.0,376,3,1983,2,1469,116.0,27.333333333333332,26.0,29.0,30.0,Male
2451,8081,1918.0,286,6,1987,4,3712,46.0,33.4,39.25,27.0,50.0,Male
1157,5705,1132.0,802,10,2003,4,3416,50.0,30.571428571428573,30.25,25.0,46.0,Male
1596,7462,1659.0,352,7,1997,2,4207,434.0,47.0,25.0,45.0,37.0,Male
1121,7369,2518.0,1531,6,1984,2,3730,235.0,38.166666666666664,37.0,23.0,37.0,Male
476,4155,1821.0,1615,7,2013,3,1858,1.0,50.166666666666664,37.5,27.0,51.0,Male
2702,8746,3246.0,915,9,1992,3,2798,1.0,44.5,19.0,35.0,27.0,Male
1338,8581,3782.0,2941,11,2001,3,3461,77.0,44.888888888888886,45.0,42.0,32.0,Male
1878,9986,5336.0,3808,7,1979,2,2772,367.0,50.714285714285715,30.5,42.0,30.0,Male
1696,7923,2273.0,1180,6,2013,5,3954,14.0,45.6,31.0,45.0,14.0,Male
2320,12940,6455.0,4135,7,2004,1,4165,55.0,40.666666666666664,69.0,48.0,69.0,Male
1378,10936,3136.0,1758,12,1992,1,6422,151.0,40.22222222222222,34.0,35.0,34.0,Male
731,3353,1516.0,1150,7,1988,3,1106,17.0,49.285714285714285,44.5,49.0,40.0,Male
2299,12056,4388.0,2924,7,1985,3,5369,37.0,34.333333333333336,21.5,23.0,18.0,Male
2155,5400,2931.0,776,2,1994,1,314,67.0,44.5,13.0,53.0,13.0,Male
1923,6630,3155.0,2181,2,2010,3,1552,58.0,41.0,45.0,25.0,32.0,Female
2891,5705,1552.0,597,5,2006,8,1262,7.0,45.2,39.42857142857143,33.0,31.0,Male
2852,8187,2638.0,691,6,2006,3,2697,79.0,50.5,22.0,43.0,34.0,Male
760,5605,3245.0,2862,4,1976,3,1600,102.0,39.25,29.0,34.0,24.0,Male
1193,11486,4993.0,4468,9,2007,5,5300,5.0,30.25,23.75,26.0,31.0,Male
1852,5832,1629.0,433,4,2003,3,2351,30.0,49.25,38.333333333333336,35.0,32.0,Male
685,4951,1965.0,1662,4,2012,3,2301,233.0,43.25,50.333333333333336,38.0,30.0,Male
1733,7164,1686.0,519,7,1987,2,3745,71.0,28.714285714285715,30.5,16.0,39.0,Male
859,3542,826.0,302,7,1997,3,1857,7.0,46.714285714285715,28.666666666666668,22.0,29.0,Male
2303,5875,2122.0,305,6,2000,3,1450,27.0,51.0,36.333333333333336,30.0,29.0,Male
3495,8954,2899.0,2241,9,2010,8,2560,1.0,49.285714285714285,39.0,34.0,55.0,Female
1856,7181,2690.0,2142,9,2004,7,2635,9.0,57.0,27.5,23.0,57.0,Female
693,5753,1348.0,1022,14,1996,3,3712,74.0,45.0,31.0,59.0,31.0,Male
1973,8614,4898.0,3636,4,1994,2,1743,212.0,51.0,40.5,38.0,32.0,Male
3692,7479,2798.0,2174,2,2004,7,989,120.0,34.5,24.857142857142858,18.0,26.0,Female
2595,5539,1258.0,431,4,2005,5,1686,77.0,49.5,39.2,26.0,46.0,Female
103,7267,1626.0,1523,11,1990,1,5538,56.0,29.09090909090909,26.0,31.0,26.0,Male
902,7440,2670.0,1768,10,2007,1,3868,61.0,47.666666666666664,47.0,46.0,47.0,Male
197,6581,1811.0,66,9,1998,2,4573,93.0,45.285714285714285,33.0,23.0,43.0,Female
1569,5129,727.0,43,12,1995,4,2833,75.0,30.454545454545453,29.75,52.0,28.0,Male
2088,12393,5176.0,1324,3,1996,4,5129,81.0,55.0,49.5,54.0,47.0,Female
5776,9221,1889.0,1176,4,2009,12,1556,1.0,60.25,37.416666666666664,51.0,61.0,Female
2182,8783,4630.0,2985,6,2002,4,1971,52.0,50.6,43.25,53.0,38.0,Male
627,3484,1851.0,1156,2,1996,4,1006,19.0,41.5,48.75,62.0,27.0,Female
3499,6292,1509.0,139,3,2008,4,1284,123.0,43.0,43.5,40.0,41.0,Male
1655,10085,3398.0,2126,12,1994,5,5032,34.0,43.90909090909091,31.5,14.0,42.0,Female
917,4319,1586.0,669,7,1991,1,1816,179.0,49.833333333333336,46.0,65.0,46.0,Male
339,2263,573.0,153,4,1987,3,1351,7.0,33.25,20.666666666666668,25.0,32.0,Female
2195,8330,2729.0,1200,8,2013,3,3406,18.0,60.666666666666664,81.33333333333333,43.0,84.0,Male
2956,6315,1927.0,715,2,2010,5,1432,2.0,27.0,37.0,25.0,27.0,Female
1139,5706,2987.0,2355,4,1994,4,1580,37.0,42.25,37.0,30.0,8.0,Female
1101,2879,659.0,11,5,1988,3,1119,104.0,25.75,18.0,20.0,19.0,Male
1611,4031,1072.0,308,5,1989,4,1348,48.0,28.4,31.0,29.0,23.0,Male
3206,7023,1660.0,205,8,1987,6,2157,99.0,29.125,31.833333333333332,33.0,23.0,Male
709,1368,529.0,148,2,1980,2,130,333.0,56.0,42.0,48.0,41.0,Male
2122,25432,14086.0,12921,21,1995,6,9224,27.0,51.05555555555556,39.5,58.0,39.0,Male
2042,4468,2222.0,1170,3,2009,2,204,1.0,30.0,44.0,19.0,39.0,Male
465,5504,3887.0,3676,6,2007,3,1152,44.0,39.5,41.5,45.0,30.0,Male
312,8229,3849.0,3537,10,2000,1,4068,73.0,45.666666666666664,42.0,39.0,42.0,Male
2671,10532,2967.0,1505,7,1982,3,4894,384.0,34.285714285714285,26.0,33.0,27.0,Male
2496,5174,2420.0,466,2,1981,2,258,372.0,67.5,59.0,76.0,74.0,Male
1939,10553,3954.0,2138,11,1954,2,4660,185.0,38.714285714285715,33.5,30.0,30.0,Male
1700,6449,2972.0,1880,6,1997,2,1777,10.0,41.0,30.0,49.0,32.0,Male
3234,11491,4735.0,2900,7,1994,4,3522,41.0,43.0,40.75,30.0,29.0,Female
160,9602,2302.0,2142,15,1995,1,7140,13.0,38.23076923076923,38.0,28.0,38.0,Male
238,8018,2766.0,860,9,1993,3,5014,212.0,53.0,26.0,26.0,39.0,Female
1860,10271,1887.0,1209,9,2012,6,6524,23.0,41.285714285714285,35.5,37.0,38.0,Male
1403,7844,2453.0,1050,10,1968,1,3988,172.0,43.7,46.0,45.0,46.0,Male
1156,5697,1386.0,1012,7,1972,4,3155,477.0,44.857142857142854,33.75,42.0,50.0,Male
1955,6332,2175.0,1007,5,2002,6,2202,15.0,52.6,37.6,30.0,41.0,Female
1292,9223,2430.0,1540,8,2006,2,5501,70.0,55.125,23.0,38.0,22.0,Male
1132,7769,2773.0,1850,13,2009,2,3864,112.0,47.54545454545455,36.5,46.0,34.0,Male
2313,10653,3045.0,1829,7,2000,4,5295,11.0,48.4,28.5,49.0,25.0,Male
951,12807,3297.0,2917,11,1994,3,8559,51.0,53.1,45.666666666666664,37.0,37.0,Male
1688,3808,1561.0,753,2,2010,3,559,2.0,32.5,45.0,42.0,62.0,Male
1054,7653,1813.0,759,10,2007,1,4786,260.0,51.714285714285715,43.0,38.0,43.0,Male
2897,8499,1901.0,637,6,2005,3,3701,39.0,34.6,30.0,34.0,26.0,Male
3211,8121,2711.0,549,6,2000,2,2199,5.0,36.5,49.0,29.0,68.0,Male
1748,5459,1870.0,906,8,2000,3,1841,52.0,59.285714285714285,34.5,40.0,30.0,Male
911,5942,3239.0,1848,4,2002,5,1792,193.0,38.666666666666664,29.0,34.0,28.0,Female
3172,9464,2323.0,280,10,1996,3,3969,91.0,33.5,38.666666666666664,22.0,17.0,Male
2474,9782,2641.0,1424,9,2002,4,4667,9.0,28.5,40.75,25.0,24.0,Male
2939,8131,3217.0,1047,5,1989,3,1975,45.0,31.4,19.666666666666668,23.0,19.0,Male
1190,8746,1805.0,519,9,2001,3,5751,109.0,35.888888888888886,28.0,25.0,55.0,Female
2932,7426,1565.0,695,4,1996,6,2929,202.0,33.0,24.75,23.0,26.0,Female
1138,6616,3694.0,2556,5,1989,1,1784,128.0,38.4,35.0,49.0,35.0,Male
603,8896,3931.0,2843,11,2010,3,4362,65.0,54.857142857142854,41.0,45.0,57.0,Female
1008,4912,2438.0,1572,5,2013,2,1466,1.0,27.666666666666668,17.0,29.0,17.0,Male
1116,7841,1571.0,1122,12,1985,4,5154,81.0,41.90909090909091,34.5,38.0,40.0,Male
1930,9383,3475.0,1732,5,1998,2,3978,30.0,44.75,34.0,43.0,34.0,Male
1047,5713,3095.0,2187,4,2009,2,1571,10.0,32.5,49.0,49.0,49.0,Male
1549,14822,4802.0,3811,10,1995,3,8471,16.0,40.875,36.333333333333336,56.0,51.0,Male
0,3081,1176.0,62,5,1977,1,1905,495.0,40.0,31.0,31.0,40.0,Female
793,4082,1481.0,392,2,2002,2,1808,22.0,39.0,35.0,33.0,33.0,Female
3737,14590,4448.0,1340,10,1959,4,6405,426.0,52.0,33.75,34.0,33.0,Male
1247,9087,3621.0,1310,5,2005,4,4219,42.0,43.0,46.75,37.0,42.0,Female
1072,4201,2246.0,1748,4,2010,3,883,69.0,28.0,49.0,28.0,24.0,Male
1131,8445,2794.0,1663,9,2000,1,4520,146.0,55.22222222222222,41.0,70.0,41.0,Male
1491,5710,1502.0,622,7,1979,3,2717,285.0,43.857142857142854,41.666666666666664,32.0,31.0,Male
1134,6665,2225.0,1404,11,1984,3,3306,197.0,49.1,55.666666666666664,53.0,28.0,Male
1852,9163,2823.0,1218,12,1986,2,4488,257.0,52.333333333333336,44.5,55.0,35.0,Male
532,6756,2044.0,1668,9,1989,2,4180,120.0,53.333333333333336,47.0,58.0,57.0,Male
1493,8970,2010.0,1441,10,1994,5,5467,157.0,50.4,38.0,54.0,39.0,Male
363,8254,2816.0,2453,10,1998,1,5075,130.0,46.4,43.0,58.0,43.0,Male
736,10041,3809.0,3329,8,2002,2,5496,64.0,49.0,40.5,62.0,47.0,Male
1290,6759,3441.0,2676,4,2005,3,2028,4.0,41.25,42.0,34.0,37.0,Male
3088,9650,3418.0,1511,5,2010,2,3144,1.0,54.0,46.0,67.0,35.0,Male
1781,5310,1470.0,505,5,2002,2,2059,96.0,30.8,45.5,41.0,46.0,Male
862,4867,1762.0,750,7,1980,4,2243,349.0,45.857142857142854,34.5,32.0,42.0,Female
2931,9697,2460.0,948,9,1983,6,4306,165.0,45.857142857142854,42.6,43.0,31.0,Male
2001,6304,2391.0,1249,8,1987,2,1912,34.0,44.42857142857143,32.5,57.0,26.0,Male
500,7993,2875.0,503,6,2007,4,4618,66.0,41.0,29.0,41.0,44.0,Female
3408,8507,4166.0,900,4,2001,2,933,38.0,48.25,30.0,37.0,26.0,Male
1331,4360,1530.0,199,4,1991,1,1499,423.0,37.0,35.0,14.0,35.0,Male
1015,5681,2586.0,1944,7,1983,4,2080,298.0,28.5,28.0,28.0,28.0,Female
973,7474,4142.0,3295,6,1981,2,2359,13.0,45.333333333333336,46.0,41.0,38.0,Male
1891,12355,2792.0,185,13,1997,6,7672,1249.0,42.6,48.333333333333336,22.0,23.0,Female
2716,11944,3774.0,1540,7,2010,2,5454,101.0,47.5,25.5,38.0,28.0,Male
2429,9545,2159.0,1054,10,2010,6,4957,457.0,66.33333333333333,42.5,54.0,48.0,Male
707,10944,6117.0,5568,8,1989,2,4120,19.0,38.625,31.0,42.0,31.0,Male
111,1522,677.0,566,4,2010,1,734,331.0,26.25,22.0,24.0,22.0,Male
1036,16854,6542.0,2986,10,2009,6,9276,344.0,28.9,22.6,19.0,17.0,Female
1691,9357,1932.0,721,14,1992,8,5734,8.0,38.0,31.142857142857142,25.0,36.0,Female
5067,11042,4103.0,1093,5,2009,6,1872,10.0,34.5,37.4,30.0,37.0,Male
150,7598,3875.0,2433,4,2008,2,3573,34.0,31.666666666666668,51.5,43.0,42.0,Female
303,3152,2099.0,1751,4,1996,3,750,100.0,41.5,38.666666666666664,38.0,48.0,Female
1037,6157,1652.0,622,7,1998,3,3468,70.0,40.0,31.666666666666668,23.0,27.0,Female
325,11647,3223.0,2898,10,1995,1,8099,46.0,39.0,33.0,36.0,33.0,Male
235,3547,713.0,106,9,2008,2,2599,87.0,44.714285714285715,49.0,59.0,54.0,Female
4734,11824,3302.0,406,4,2008,3,3788,28.0,42.0,36.333333333333336,39.0,26.0,Male
628,3118,1043.0,346,4,2004,3,1447,159.0,39.0,33.333333333333336,23.0,30.0,Female
105,6919,3296.0,1416,2,2011,2,3518,1.0,32.5,51.0,51.0,46.0,Female
1431,5451,1604.0,849,5,2009,3,2416,89.0,38.0,45.333333333333336,12.0,55.0,Male
3239,7460,2522.0,1940,4,2009,7,1699,15.0,39.5,31.5,22.0,35.0,Female
1115,8369,3499.0,2907,6,1988,2,3755,325.0,49.2,38.5,46.0,34.0,Male
1217,5426,1969.0,1228,6,2010,6,2240,7.0,48.5,34.25,20.0,51.0,Female
682,3570,758.0,366,8,2003,3,2130,310.0,42.875,23.0,57.0,37.0,Male
1527,8610,4792.0,3984,6,1974,3,2291,401.0,47.25,29.5,41.0,27.0,Male
1611,10931,3976.0,2350,9,2009,4,5344,12.0,46.0,37.25,26.0,28.0,Female
4567,8394,2981.0,2657,4,1995,6,846,46.0,34.666666666666664,35.5,40.0,42.0,Female
2516,8589,4034.0,3124,5,1985,4,2039,7.0,43.6,41.75,39.0,39.0,Male
2787,6890,2303.0,103,7,1990,4,1800,1.0,42.0,30.5,36.0,24.0,Male
1842,4252,732.0,127,7,2005,4,1678,396.0,36.42857142857143,30.0,18.0,10.0,Male
1289,6103,2261.0,1144,4,1999,5,2553,22.0,27.0,36.0,41.0,48.0,Female
3621,6579,1671.0,246,4,1996,4,1287,43.0,43.0,33.5,35.0,24.0,Male
1729,8236,4846.0,3289,6,1991,2,1661,184.0,35.4,46.0,46.0,45.0,Male
4362,8090,1737.0,503,4,2003,7,1991,16.0,41.25,36.333333333333336,43.0,33.0,Male
1384,14523,5399.0,4670,11,1998,3,7740,56.0,41.1,31.333333333333332,28.0,34.0,Male
681,3753,1410.0,873,5,1994,2,1662,23.0,42.75,35.5,56.0,34.0,Male
1381,3157,1275.0,975,2,1998,4,501,86.0,32.5,31.5,34.0,39.0,Female
1042,4833,1133.0,501,6,1987,3,2658,84.0,49.666666666666664,32.666666666666664,34.0,25.0,Male
1241,6699,2498.0,1853,6,2003,2,2960,1.0,44.833333333333336,30.0,44.0,20.0,Male
2691,9293,3663.0,1706,4,1988,5,2939,135.0,40.75,33.0,31.0,46.0,Female
0,6375,1644.0,91,8,2014,1,4731,6.0,56.166666666666664,37.0,37.0,67.0,Female
3140,13732,5140.0,2247,6,2010,3,5452,3.0,58.5,56.0,54.0,61.0,Female
4167,11600,4053.0,3070,6,2013,6,3380,40.0,56.5,42.666666666666664,64.0,42.0,Female
7250,15227,6902.0,352,4,2013,3,1075,8.0,48.333333333333336,56.0,43.0,44.0,Male
3023,8815,3300.0,2417,4,2014,5,2492,45.0,48.333333333333336,43.0,63.0,26.0,Male
5713,16388,4648.0,1820,10,2014,8,6027,27.0,31.0,26.25,44.0,46.0,Male
272,8699,4353.0,4081,14,2015,1,4074,74.0,58.75,47.0,59.0,47.0,Male
3189,9881,3407.0,1907,5,2015,11,3285,31.0,41.0,33.75,21.0,25.0,Female
1952,8483,3683.0,2776,5,2015,4,2848,5.0,60.6,46.333333333333336,75.0,57.0,Male
401,9975,2574.0,1379,12,2014,3,7000,4.0,33.666666666666664,27.5,31.0,29.0,Female
2740,5993,2933.0,2613,1,2013,8,320,18.0,40.0,42.25,52.0,40.0,Female
638,4111,1209.0,792,4,2015,2,2264,12.0,34.5,24.5,30.0,23.0,Male
264,7202,4909.0,4645,6,2014,1,2029,32.0,42.0,49.0,38.0,49.0,Male
2790,7574,4119.0,3454,1,2015,6,665,7.0,71.0,46.333333333333336,76.0,71.0,Female
3558,5600,1564.0,442,3,2012,5,478,6.0,54.5,43.25,62.0,48.0,Male
3149,8722,4021.0,2801,3,2015,6,1552,7.0,52.5,66.33333333333333,72.0,33.0,Female
240,6773,1596.0,627,11,2014,2,4937,97.0,42.625,28.0,29.0,68.0,Female
3266,7627,4361.0,2155,1,2014,5,0,1.0,47.0,61.0,47.0,36.0,Male
2515,4907,1137.0,669,4,2014,8,1255,136.0,26.0,48.285714285714285,31.0,34.0,Female
2031,6855,2805.0,1815,3,2015,4,2019,367.0,50.666666666666664,48.5,44.0,59.0,Female
827,8935,5512.0,4804,5,2013,2,2596,1.0,31.4,33.5,36.0,31.0,Male
617,3629,2447.0,2219,3,2014,4,565,3.0,52.0,44.0,55.0,50.0,Female
2296,8278,2315.0,920,10,2014,5,3667,2.0,48.0,51.0,61.0,50.0,Male
1274,5360,2999.0,1725,6,2006,1,1087,1.0,35.5,35.0,30.0,35.0,Male
2373,9699,5388.0,4024,5,2015,3,1938,6.0,29.8,35.0,24.0,22.0,Male
5433,11345,4172.0,3301,2,2015,6,1740,2.0,38.0,36.8,32.0,38.0,Female
3117,8417,3172.0,1599,11,2014,6,2128,4.0,55.833333333333336,57.4,57.0,63.0,Male
2094,10089,6152.0,4840,5,2014,3,1843,34.0,42.0,60.0,34.0,60.0,Male
752,4184,1636.0,1191,7,2014,2,1796,2.0,49.2,38.5,46.0,32.0,Male
3380,6548,1890.0,907,3,2010,7,1278,4.0,42.0,55.8,51.0,50.0,Female
1843,11207,4401.0,2558,9,2012,1,4963,8.0,48.0,55.0,42.0,55.0,Male
1120,7882,3838.0,1950,5,2015,4,2924,10.0,43.0,43.25,26.0,9.0,Female
867,1371,318.0,132,1,2012,4,186,15.0,32.0,23.25,24.0,32.0,Female
1924,7134,2694.0,1671,5,2014,4,2516,46.0,48.666666666666664,51.0,64.0,44.0,Male
4711,20347,10443.0,7446,6,2015,3,5193,18.0,45.0,31.0,38.0,40.0,Male
1688,5886,1751.0,795,7,2015,4,2447,4.0,50.4,39.75,30.0,60.0,Female
639,3832,1870.0,1231,3,2010,1,1323,39.0,60.0,35.0,49.0,35.0,Male
1679,8020,3283.0,1886,6,2014,7,3058,1.0,30.4,41.714285714285715,26.0,28.0,Female
0,3906,1084.0,23,6,2014,1,2822,54.0,39.5,16.0,16.0,15.0,Female
873,5892,2664.0,2116,3,2013,2,2355,200.0,38.0,70.5,49.0,54.0,Male
2130,9212,4457.0,2756,3,2015,5,2625,1.0,46.5,33.333333333333336,23.0,39.0,Female
724,12719,5998.0,5274,12,2014,1,5997,35.0,54.5,65.0,43.0,65.0,Male
1730,10392,3647.0,2641,5,2013,3,5015,155.0,46.75,29.333333333333332,38.0,28.0,Male
1220,4934,2831.0,2534,4,2015,8,883,0.0,54.666666666666664,62.0,81.0,66.0,Female
1449,9388,1568.0,1123,14,2015,7,6371,62.0,45.0,40.0,41.0,51.0,Male
1694,5793,1894.0,396,9,2014,2,2205,38.0,42.5,35.5,32.0,31.0,Male
849,11542,3692.0,1760,14,2015,4,7001,2.0,57.1,46.25,46.0,79.0,Female
1499,9848,4480.0,3436,7,2014,2,3869,8.0,46.6,34.5,49.0,29.0,Male
4796,11481,3767.0,290,11,2015,4,2918,34.0,50.36363636363637,50.5,39.0,70.0,Male
1741,7074,3475.0,1852,4,2012,2,1858,206.0,42.333333333333336,37.5,47.0,42.0,Male
1287,8345,3262.0,2113,7,2015,2,3796,2.0,55.166666666666664,36.0,76.0,45.0,Male
1294,8545,2208.0,1134,8,1997,2,5043,187.0,45.875,36.5,34.0,27.0,Male
704,2402,1224.0,973,3,1998,4,474,158.0,37.333333333333336,27.333333333333332,49.0,38.0,Male
1892,4541,1079.0,423,4,1959,4,1570,880.0,52.75,56.75,69.0,46.0,Female
1225,3963,1159.0,621,4,1999,3,1579,292.0,53.0,39.333333333333336,29.0,39.0,Female
179,4589,2130.0,1951,3,1999,1,2280,241.0,25.0,65.0,26.0,65.0,Male
699,5732,2151.0,1452,6,2001,1,2882,222.0,31.833333333333332,21.0,28.0,21.0,Male
1301,5708,1471.0,549,6,1996,2,2936,196.0,49.5,60.0,63.0,34.0,Male
1191,7585,2454.0,2027,10,1998,3,3940,12.0,35.0,31.666666666666668,29.0,24.0,Male
1095,12304,4545.0,3999,10,1999,3,6664,234.0,47.4,49.333333333333336,43.0,38.0,Male
1044,8412,5463.0,4835,7,1997,3,1905,109.0,47.333333333333336,47.0,45.0,37.0,Male
2035,10342,3755.0,2047,7,2004,2,4552,140.0,45.5,41.5,74.0,30.0,Male
1765,7362,2405.0,1728,9,1984,5,3192,13.0,41.142857142857146,31.75,41.0,23.0,Male
1512,9053,3160.0,1760,8,1949,2,4381,8.0,45.5,54.5,44.0,28.0,Male
946,6614,2081.0,1135,6,1958,1,3587,38.0,52.333333333333336,31.0,43.0,31.0,Male
406,1351,789.0,383,2,2015,1,156,81.0,49.0,39.0,49.0,39.0,Male
583,8983,3406.0,2823,5,2013,1,4994,80.0,55.6,38.0,42.0,38.0,Male
4864,9261,3590.0,451,4,2014,2,807,51.0,45.75,42.0,41.0,40.0,Male
250,2360,789.0,539,4,2011,1,1321,50.0,53.0,55.0,62.0,55.0,Male
1575,8617,4893.0,3759,4,2006,3,2149,181.0,43.25,28.333333333333332,40.0,33.0,Male
1042,8174,3058.0,2016,6,2013,1,4074,128.0,46.833333333333336,37.0,35.0,37.0,Male
487,6917,3229.0,2877,8,2013,2,3201,114.0,41.833333333333336,46.5,57.0,54.0,Male
674,7421,3044.0,222,3,2011,3,3703,61.0,48.0,34.333333333333336,28.0,30.0,Female
1702,8266,4565.0,3220,5,2014,2,1999,97.0,50.5,50.0,51.0,37.0,Male
2086,6134,1775.0,561,4,2006,4,2273,97.0,36.25,37.25,15.0,16.0,Male
305,10665,4392.0,4087,13,2013,1,5968,9.0,33.166666666666664,27.0,44.0,27.0,Male
1109,4461,1513.0,917,6,2012,4,1839,46.0,39.6,29.75,37.0,35.0,Female
2453,8622,2121.0,14,5,2012,5,4048,26.0,45.2,39.25,23.0,38.0,Female
2019,7618,1560.0,769,6,2011,3,4039,156.0,42.0,32.666666666666664,47.0,27.0,Male
1858,7149,2536.0,1840,7,2013,5,2755,75.0,45.42857142857143,35.75,49.0,29.0,Male
1229,7368,3376.0,2805,10,2006,3,2763,196.0,49.166666666666664,36.666666666666664,39.0,32.0,Male
999,3951,1146.0,147,5,2010,1,1806,74.0,49.0,35.0,47.0,35.0,Male
1748,8036,2065.0,656,10,2013,2,4223,78.0,50.333333333333336,25.0,33.0,36.0,Male
2276,9351,3422.0,2209,9,2014,3,3653,200.0,49.888888888888886,34.333333333333336,45.0,32.0,Male
899,1986,974.0,288,2,1995,2,113,214.0,61.5,46.0,42.0,61.0,Male
127,1726,1232.0,1105,3,1981,1,367,194.0,48.666666666666664,33.0,54.0,33.0,Male
303,2398,1334.0,1166,5,1973,2,761,174.0,43.2,31.0,46.0,24.0,Male
632,8404,1952.0,187,6,1992,2,5820,172.0,37.166666666666664,24.0,21.0,34.0,Female
1326,2750,877.0,356,2,2000,3,547,53.0,27.5,27.666666666666668,28.0,25.0,Male
462,3994,775.0,52,8,1996,3,2757,32.0,42.857142857142854,38.5,29.0,32.0,Female
2735,11946,3410.0,1536,13,2007,4,5801,32.0,44.09090909090909,50.0,38.0,48.0,Male
